{"departamentos":{"AMAZONAS":"Amazonas","ANCASH":"Áncash","APURIMAC":"Apurímac","AREQUIPA":"Arequipa","AYACUCHO":"Ayacucho","CAJAMARCA":"Cajamarca","CALLAO":"Callao","CUSCO":"Cusco","CUZCO":"Cusco","HUANCAVELICA":"Huancavelica","HUANUCO":"Huánuco","ICA":"Ica","JUNIN":"Junín","LA LIBERTAD":"La Libertad","LAMBAYEQUE":"Lambayeque","LIMA":"Lima","LIMA METROPOLITANA":"Lima Metropolitana","LIMA REGION":"Lima Región","LORETO":"Loreto","MADRE DE DIOS":"Madre de Dios","MOQUEGUA":"Moquegua","PASCO":"Pasco","PIURA":"Piura","PUNO":"Puno","SAN MARTIN":"San Martín","TACNA":"Tacna","TUMBES":"Tumbes","UCAYALI":"Ucayali"},"provincias":{"ABANCAY":"Abancay","ACOBAMBA":"Acobamba","ACOMAYO":"Acomayo","AIJA":"Aija","ALTO AMAZONAS":"Alto Amazonas","AMBO":"Ambo","ANDAHUAYLAS":"Andahuaylas","ANGARAES":"Angaraes","ANTA":"Anta","ANTABAMBA":"Antabamba","ANTONIO RAIMONDI":"Antonio Raymondi","ANTONIO RAYMONDI":"Antonio Raymondi","AREQUIPA":"Arequipa","ASCOPE":"Ascope","ASUNCION":"Asunción","ATALAYA":"Atalaya","AYABACA":"Ayabaca","AYMARAES":"Aymaraes","AZANGARO":"Azángaro","BAGUA":"Bagua","BARRANCA":"Barranca","BELLAVISTA":"Bellavista","BOLIVAR":"Bolívar","BOLOGNESI":"Bolognesi","BONGARA":"Bongará","CAJABAMBA":"Cajabamba","CAJAMARCA":"Cajamarca","CAJATAMBO":"Cajatambo","CALCA":"Calca","CALLAO":"Callao","CAMANA":"Camaná","CANAS":"Canas","CANCHIS":"Canchis","CANDARAVE":"Candarave","CANETE":"Cañete","CANGALLO":"Cangallo","CANTA":"Canta","CARABAYA":"Carabaya","CARAVELI":"Caravelí","CARHUAZ":"Carhuaz","CARLOS FERMIN FITZCARRALD":"Carlos Fermín Fitzcarrald","CASMA":"Casma","CASTILLA":"Castilla","CASTROVIRREYNA":"Castrovirreyna","CAYLLOMA":"Caylloma","CELENDIN":"Celendín","CHACHAPOYAS":"Chachapoyas","CHANCHAMAYO":"Chanchamayo","CHEPEN":"Chepén","CHICLAYO":"Chiclayo","CHINCHA":"Chincha","CHINCHEROS":"Chincheros","CHOTA":"Chota","CHUCUITO":"Chucuito","CHUMBIVILCAS":"Chumbivilcas","CHUPACA":"Chupaca","CHURCAMPA":"Churcampa","CONCEPCION":"Concepción","CONDESUYOS":"Condesuyos","CONDORCANQUI":"Condorcanqui","CONTRALMIRANTE VILLAR":"Contralmirante Villar","CONTUMAZA":"Contumazá","CORONEL PORTILLO":"Coronel Portillo","CORONGO":"Corongo","COTABAMBAS":"Cotabambas","CUSCO":"Cusco","CUTERVO":"Cutervo","CUZCO":"Cusco","DANIEL ALCIDES CARRION":"Daniel Alcides Carrión","DATEM DEL MARANON":"Datem del Marañón","DOS DE MAYO":"Dos de Mayo","EL COLLAO":"El Collao","EL DORADO":"El Dorado","ESPINAR":"Espinar","FERRENAFE":"Ferreñafe","GENERAL SANCHEZ CERRO":"General Sánchez Cerro","GRAN CHIMU":"Gran Chimú","GRAU":"Grau","HUACAYBAMBA":"Huacaybamba","HUALGAYOC":"Hualgayoc","HUALLAGA":"Huallaga","HUAMALIES":"Huamalíes","HUAMANGA":"Huamanga","HUANCA SANCOS":"Huanca Sancos","HUANCABAMBA":"Huancabamba","HUANCANE":"Huancané","HUANCAVELICA":"Huancavelica","HUANCAYO":"Huancayo","HUANTA":"Huanta","HUANUCO":"Huánuco","HUARAL":"Huaral","HUARAZ":"Huaraz","HUARI":"Huari","HUARMEY":"Huarmey","HUAROCHIRI":"Huarochirí","HUAURA":"Huaura","HUAYLAS":"Huaylas","HUAYTARA":"Huaytará","ICA":"Ica","ILO":"Ilo","ISLAY":"Islay","JAEN":"Jaén","JAUJA":"Jauja","JORGE BASADRE":"Jorge Basadre","JULCAN":"Julcán","JUNIN":"Junín","LA CONVENCION":"La Convención","LA MAR":"La Mar","LA UNION":"La Unión","LAMAS":"Lamas","LAMBAYEQUE":"Lambayeque","LAMPA":"Lampa","LAURICOCHA":"Lauricocha","LEONCIO PRADO":"Leoncio Prado","LIMA":"Lima","LORETO":"Loreto","LUCANAS":"Lucanas","LUYA":"Luya","MANU":"Manu","MARANON":"Marañón","MARISCAL CACERES":"Mariscal Cáceres","MARISCAL LUZURIAGA":"Mariscal Luzuriaga","MARISCAL NIETO":"Mariscal Nieto","MARISCAL RAMON CASTILLA":"Mariscal Ramón Castilla","MAYNAS":"Maynas","MELGAR":"Melgar","MOHO":"Moho","MORROPON":"Morropón","MOYOBAMBA":"Moyobamba","NASCA":"Nasca","NAZCA":"Nazca","OCROS":"Ocros","OTUZCO":"Otuzco","OXAPAMPA":"Oxapampa","OYON":"Oyón","PACASMAYO":"Pacasmayo","PACHITEA":"Pachitea","PADRE ABAD":"Padre Abad","PAITA":"Paita","PALLASCA":"Pallasca","PALPA":"Palpa","PARINACOCHAS":"Parinacochas","PARURO":"Paruro","PASCO":"Pasco","PATAZ":"Pataz","PAUCAR DEL SARA SARA":"Páucar del Sara Sara","PAUCARTAMBO":"Paucartambo","PICOTA":"Picota","PISCO":"Pisco","PIURA":"Piura","POMABAMBA":"Pomabamba","PUERTO INCA":"Puerto Inca","PUNO":"Puno","PURUS":"Purús","PUTUMAYO":"Putumayo","QUISPICANCHI":"Quispicanchi","RECUAY":"Recuay","REQUENA":"Requena","RIOJA":"Rioja","RODRIGUEZ DE MENDOZA":"Rodríguez de Mendoza","SAN ANTONIO DE PUTINA":"San Antonio de Putina","SAN IGNACIO":"San Ignacio","SAN MARCOS":"San Marcos","SAN MARTIN":"San Martín","SAN MIGUEL":"San Miguel","SAN PABLO":"San Pablo","SAN ROMAN":"San Román","SANCHEZ CARRION":"Sánchez Carrión","SANDIA":"Sandia","SANTA":"Santa","SANTA CRUZ":"Santa Cruz","SANTIAGO DE CHUCO":"Santiago de Chuco","SATIPO":"Satipo","SECHURA":"Sechura","SIHUAS":"Sihuas","SUCRE":"Sucre","SULLANA":"Sullana","TACNA":"Tacna","TAHUAMANU":"Tahuamanu","TALARA":"Talara","TAMBOPATA":"Tambopata","TARATA":"Tarata","TARMA":"Tarma","TAYACAJA":"Tayacaja","TOCACHE":"Tocache","TRUJILLO":"Trujillo","TUMBES":"Tumbes","UCAYALI":"Ucayali","URUBAMBA":"Urubamba","UTCUBAMBA":"Utcubamba","VICTOR FAJARDO":"Víctor Fajardo","VILCAS HUAMAN":"Vilcas Huamán","VIRU":"Virú","YAROWILCA":"Yarowilca","YAULI":"Yauli","YAUYOS":"Yauyos","YUNGAY":"Yungay","YUNGUYO":"Yunguyo","ZARUMILLA":"Zarumilla"},"distritos":{"26 DE OCTUBRE":"Veintiséis de Octubre","27 DE NOVIEMBRE":"Veintisiete de Noviembre","ABANCAY":"Abancay","ABELARDO PARDO LEZAMETA":"Abelardo Pardo Lezameta","ACARI":"Acarí","ACAS":"Acas","ACCHA":"Accha","ACCOMARCA":"Accomarca","ACHAYA":"Achaya","ACHOMA":"Achoma","ACO":"Aco","ACOBAMBA":"Acobamba","ACOBAMBILLA":"Acobambilla","ACOCHACA":"Acochaca","ACOCRO":"Acocro","ACOLLA":"Acolla","ACOMAYO":"Acomayo","ACOPAMPA":"Acopampa","ACOPIA":"Acopia","ACORA":"Acora","ACORIA":"Acoria","ACOS":"Acos","ACOS VINCHOS":"Acos Vinchos","ACOSTAMBO":"Acostambo","ACRAQUIA":"Acraquia","ACZO":"Aczo","AGALLPAMPA":"Agallpampa","AGUA BLANCA":"Agua Blanca","AGUAS VERDES":"Aguas Verdes","AHUAC":"Ahuac","AHUAYCHA":"Ahuaycha","AHUAYRO":"Ahuayro","AIJA":"Aija","AJOYANI":"Ajoyani","ALBERTO LEVEAU":"Alberto Leveau","ALCA":"Alca","ALCAMENCA":"Alcamenca","ALEXANDER VON HUMBOLDT":"Alexander Von Humboldt","ALFONSO UGARTE":"Alfonso Ugarte","ALIS":"Alis","ALLAUCA":"Allauca","ALONSO DE ALVARADO":"Alonso de Alvarado","ALTO BIAVO":"Alto Biavo","ALTO DE LA ALIANZA":"Alto de La Alianza","ALTO INAMBARI":"Alto Inambari","ALTO LARAN":"Alto Laran","ALTO NANAY":"Alto Nanay","ALTO PICHIGUA":"Alto Pichigua","ALTO SAPOSOA":"Alto Saposoa","ALTO SELVA ALEGRE":"Alto Selva Alegre","ALTO TAPICHE":"Alto Tapiche","ALTO TRUJILLO":"Alto Trujillo","AMANTANI":"Amantani","AMARILIS":"Amarilis","AMASHCA":"Amashca","AMBAR":"Ambar","AMBO":"Ambo","AMOTAPE":"Amotape","ANANEA":"Ananea","ANAPIA":"Anapia","ANCAHUASI":"Ancahuasi","ANCHIHUAY":"Anchihuay","ANCHONGA":"Anchonga","ANCO":"Anco","ANCO HUALLO":"Anco-Huallo","ANCO-HUALLO":"Anco-Huallo","ANCOHUALLO":"Anco-Huallo","ANCON":"Ancón","ANCO_HUALLO":"Anco-Huallo","ANDABAMBA":"Andabamba","ANDAGUA":"Andagua","ANDAHUAYLAS":"Andahuaylas","ANDAHUAYLILLAS":"Andahuaylillas","ANDAJES":"Andajes","ANDAMARCA":"Andamarca","ANDARAPA":"Andarapa","ANDARAY":"Andaray","ANDAYMARCA":"Andaymarca","ANDOAS":"Andoas","ANDRES AVELINO CACERES":"Andrés Avelino Cáceres Dorregaray","ANDRES AVELINO CACERES DORREGARAY":"Andrés Avelino Cáceres Dorregaray","ANGASMARCA":"Angasmarca","ANGUIA":"Anguia","ANRA":"Anra","ANTA":"Anta","ANTABAMBA":"Antabamba","ANTAUTA":"Antauta","ANTIOQUIA":"Antioquía","ANTONIO RAYMONDI":"Antonio Raymondi","APARICIO POMARES":"Aparicio Pomares","APATA":"Apata","APLAO":"Aplao","APONGO":"Apongo","AQUIA":"Aquia","ARAHUAY":"Arahuay","ARAMANGO":"Aramango","ARANCAY":"Arancay","ARAPA":"Arapa","ARENAL":"Arenal","AREQUIPA":"Arequipa","ARMA":"Arma","ASCENSION":"Ascensión","ASCOPE":"Ascope","ASIA":"Asia","ASILLO":"Asillo","ASQUIPATA":"Asquipata","ASUNCION":"Asunción","ATAQUERO":"Ataquero","ATAURA":"Ataura","ATAVILLOS ALTO":"Atavillos Alto","ATAVILLOS BAJO":"Atavillos Bajo","ATE":"Ate","ATICO":"Atico","ATIQUIPA":"Atiquipa","ATUNCOLLA":"Atuncolla","AUCALLAMA":"Aucallama","AUCARA":"Aucara","AURAHUA":"Aurahua","AWAJUN":"Awajun","AYABACA":"Ayabaca","AYACUCHO":"Ayacucho","AYAHUANCO":"Ayahuanco","AYAPATA":"Ayapata","AYAUCA":"ALLAUCA","AYAVI":"Ayavi","AYAVIRI":"Ayaviri","AYNA":"Ayna","AYO":"Ayo","AZANGARO":"Azángaro","BAGUA":"Bagua","BAGUA GRANDE":"Bagua Grande","BAJO BIAVO":"Bajo Biavo","BALSAPUERTO":"Balsapuerto","BALSAS":"Balsas","BAMBAMARCA":"Bambamarca","BAMBAS":"Bambas","BANOS":"Baños","BARRANCA":"Barranca","BARRANCO":"Barranco","BARRANQUITA":"Barranquita","BELEN":"Belén","BELLA UNION":"Bella Unión","BELLAVISTA":"Bellavista","BELLAVISTA DE LA UNION":"Bellavista de La Unión","BERNAL":"Bernal","BOLIVAR":"Bolívar","BOLOGNESI":"Bolognesi","BOQUERON":"Boquerón","BRENA":"Breña","BUENA VISTA ALTA":"Buena Vista Alta","BUENOS AIRES":"Buenos Aires","BULDIBUYO":"Buldibuyo","CABANA":"Cabana","CABANACONDE":"Cabanaconde","CABANILLA":"Cabanilla","CABANILLAS":"Cabanillas","CACATACHI":"Cacatachi","CACERES DEL PERU":"Cáceres del Perú","CACHACHI":"Cachachi","CACHICADAN":"Cachicadan","CACHIMAYO":"Cachimayo","CACRA":"Cacra","CAHUAC":"Cahuac","CAHUACHO":"Cahuacho","CAHUAPANAS":"Cahuapanas","CAICAY":"Caicay","CAIRANI":"Cairani","CAJA":"Caja","CAJABAMBA":"Cajabamba","CAJACAY":"Cajacay","CAJAMARCA":"Cajamarca","CAJAMARQUILLA":"Cajamarquilla","CAJARURO":"Cajaruro","CAJATAMBO":"Cajatambo","CAJAY":"Cajay","CALAMARCA":"Calamarca","CALANA":"Calana","CALANGO":"Calango","CALAPUJA":"Calapuja","CALCA":"Calca","CALETA DE CARQUIN":"Caleta de Carquín","CALLAHUANCA":"Callahuanca","CALLALLI":"Callalli","CALLANMARCA":"Callanmarca","CALLAO":"Callao","CALLAYUC":"Callayuc","CALLERIA":"Calleria","CALQUIS":"Calquis","CALZADA":"Calzada","CAMANA":"Camaná","CAMANTI":"Camanti","CAMILACA":"Camilaca","CAMINACA":"Caminaca","CAMPANILLA":"Campanilla","CAMPORREDONDO":"Camporredondo","CAMPOVERDE":"Campoverde","CANARIA":"Canaria","CANARIS":"Cañaris","CANAYRE":"Canayre","CANCHABAMBA":"Canchabamba","CANCHAQUE":"Canchaque","CANCHAYLLO":"Canchayllo","CANDARAVE":"Candarave","CANGALLO":"Cangallo","CANIS":"Canis","CANOAS DE PUNTA SAL":"Canoas de Punta Sal","CANTA":"Canta","CAPACHICA":"Capachica","CAPACMARCA":"Capacmarca","CAPAYA":"Capaya","CAPAZO":"Capazo","CAPELO":"Capelo","CAPILLAS":"Capillas","CARABAMBA":"Carabamba","CARABAYLLO":"Carabayllo","CARACOTO":"Caracoto","CARAMPOMA":"Carampoma","CARANIA":"Carania","CARAPO":"Carapo","CARAVELI":"Caravelí","CARAYBAMBA":"Caraybamba","CARAZ":"Caraz","CARHUACALLANGA":"Carhuacallanga","CARHUAMAYO":"Carhuamayo","CARHUANCA":"Carhuanca","CARHUAPAMPA":"Carhuapampa","CARHUAZ":"Carhuaz","CARMEN ALTO":"Carmen Alto","CARMEN DE LA LEGUA":"Carmen de la Legua Reynoso","CARMEN DE LA LEGUA REYNOSO":"Carmen de La Legua Reynoso","CARMEN SALCEDO":"Carmen Salcedo","CARUMAS":"Carumas","CASA GRANDE":"Casa Grande","CASCA":"Casca","CASCAPARA":"Cascapara","CASCAS":"Cascas","CASHAPAMPA":"Cashapampa","CASITAS":"Casitas","CASMA":"Casma","CASPISAPA":"Caspisapa","CASTA":"San Pedro de Casta","CASTILLA":"Castilla","CASTILLO GRANDE":"Castillo Grande","CASTROVIRREYNA":"Castrovirreyna","CATAC":"Cátac","CATACAOS":"Catacaos","CATACHE":"Catache","CATAHUASI":"Catahuasi","CATILLUC":"Catilluc","CAUJUL":"Caujul","CAYALTI":"Cayaltí","CAYARA":"Cayara","CAYARANI":"Cayarani","CAYLLOMA":"Caylloma","CAYMA":"Cayma","CAYNA":"Cayna","CAYNARACHI":"Caynarachi","CCAPI":"Ccapi","CCARHUAYO":"Ccarhuayo","CCATCA":"Ccatca","CCOCHACCASA":"Ccochaccasa","CCORCA":"Ccorca","CELENDIN":"Celendín","CERRO AZUL":"Cerro Azul","CERRO COLORADO":"Cerro Colorado","CHACA":"Chaca","CHACABAMBA":"Chacabamba","CHACAPALPA":"Chacapalpa","CHACAPAMPA":"Chacapampa","CHACAS":"Chacas","CHACAYAN":"Chacayan","CHACCHO":"Chaccho","CHACHAPOYAS":"Chachapoyas","CHACHAS":"Chachas","CHACLACAYO":"Chaclacayo","CHACOCHE":"Chacoche","CHADIN":"Chadin","CHAGLLA":"Chaglla","CHALA":"Chala","CHALACO":"Chalaco","CHALAMARCA":"Chalamarca","CHALCOS":"Chalcos","CHALHUANCA":"Chalhuanca","CHALLABAMBA":"Challabamba","CHALLHUAHUACHO":"Challhuahuacho","CHAMACA":"Chamaca","CHAMBARA":"Chambará","CHANCAY":"Chancay","CHANCAYBANOS":"Chancaybaños","CHANCHAMAYO":"Chanchamayo","CHANGUILLO":"Changuillo","CHAO":"Chao","CHAPARRA":"Chaparra","CHAPIMARCA":"Chapimarca","CHARACATO":"Characato","CHARAT":"Charat","CHARCANA":"Charcana","CHAUPIMARCA":"Chaupimarca","CHAVIN":"Chavín","CHAVIN DE HUANTAR":"Chavín de Huántar","CHAVIN DE PARIARCA":"Chavín de Pariarca","CHAVINA":"Chaviña","CHAVINILLO":"Chavinillo","CHAZUTA":"Chazuta","CHECACUPE":"Checacupe","CHECCA":"Checca","CHECRAS":"Checras","CHEPEN":"Chepén","CHETILLA":"Chetilla","CHETO":"Cheto","CHIARA":"Chiara","CHICAMA":"Chicama","CHICCHE":"Chicche","CHICHAS":"Chichas","CHICLA":"Chicla","CHICLAYO":"Chiclayo","CHIGUATA":"Chiguata","CHIGUIRIP":"Chiguirip","CHILCA":"Chilca","CHILCAS":"Chilcas","CHILCAYMARCA":"Chilcaymarca","CHILCAYOC":"Chilcayoc","CHILETE":"Chilete","CHILIQUIN":"Chiliquín","CHILLIA":"Chillia","CHIMBAN":"Chimbán","CHIMBOTE":"Chimbote","CHINCHA ALTA":"Chincha Alta","CHINCHA BAJA":"Chincha Baja","CHINCHAO":"Chinchao","CHINCHAYPUJIO":"Chinchaypujio","CHINCHERO":"Chinchero","CHINCHEROS":"Chincheros","CHINCHIHUASI":"Chinchihuasi","CHINCHO":"Chincho","CHINGALPO":"Chingalpo","CHINGAS":"Chingas","CHIPAO":"Chipao","CHIPURANA":"Chipurana","CHIQUIAN":"Chiquián","CHIRIMOTO":"Chirimoto","CHIRINOS":"Chirinos","CHISQUILLA":"Chisquilla","CHIVAY":"Chivay","CHOCHOPE":"Chochope","CHOCO":"Choco","CHOCOPE":"Chocope","CHOCOS":"Chocos","CHOJATA":"Chojata","CHOLON":"Cholón","CHONGOS ALTO":"Chongos Alto","CHONGOS BAJO":"Chongos Bajo","CHONGOYAPE":"Chongoyape","CHONTABAMBA":"Chontabamba","CHONTALI":"Chontali","CHORAS":"Choras","CHOROPAMPA":"Choropampa","CHOROS":"Choros","CHORRILLOS":"Chorrillos","CHOTA":"Chota","CHUCUITO":"Chucuito","CHUGAY":"Chugay","CHUGUR":"Chugur","CHULUCANAS":"Chulucanas","CHUMPI":"Chumpi","CHUMUCH":"Chumuch","CHUNGUI":"Chungui","CHUPA":"Chupa","CHUPACA":"Chupaca","CHUPAMARCA":"Chupamarca","CHUPURO":"Chupuro","CHUQUIBAMBA":"Chuquibamba","CHUQUIBAMBILLA":"Chuquibambilla","CHUQUIS":"Chuquis","CHURCAMPA":"Churcampa","CHURUBAMBA":"Churubamba","CHURUJA":"Churuja","CHUSCHI":"Chuschi","CIELO PUNCO":"Cielo Punco","CIENEGUILLA":"Cieneguilla","CIRCA":"Circa","CIUDAD NUEVA":"Ciudad Nueva","COALAQUE":"Coalaque","COASA":"Coasa","COATA":"Coata","COAYLLO":"Coayllo","COCABAMBA":"Cocabamba","COCACHACRA":"Cocachacra","COCAS":"Cocas","COCHABAMBA":"Cochabamba","COCHAMAL":"Cochamal","COCHAMARCA":"Cochamarca","COCHAPETI":"Cochapeti","COCHARCAS":"Cocharcas","COCHAS":"Cochas","COCHORCO":"Cochorco","CODO DEL POZUZO":"Codo del Pozuzo","COISHCO":"Coishco","COJATA":"Cojata","COLAN":"Colan","COLASAY":"Colasay","COLCA":"Colca","COLCABAMBA":"Colcabamba","COLCAMAR":"Colcamar","COLCHA":"Colcha","COLONIA":"Colonia","COLPAS":"Colpas","COLQUEMARCA":"Colquemarca","COLQUEPATA":"Colquepata","COLQUIOC":"Colquioc","COLTA":"Colta","COMANDANTE NOEL":"Comandante Noél","COMAS":"Comas","COMBAPATA":"Combapata","CONAYCA":"Conayca","CONCEPCION":"Concepción","CONCHAMARCA":"Conchamarca","CONCHAN":"Conchán","CONCHUCOS":"Conchucos","CONDEBAMBA":"Condebamba","CONDORMARCA":"Condormarca","CONDOROMA":"Condoroma","CONDURIRI":"Conduriri","CONGALLA":"Congalla","CONGAS":"Congas","CONILA":"Conila","CONIMA":"Conima","CONSTITUCION":"Constitución","CONTAMANA":"Contamana","CONTUMAZA":"Contumazá","COPA":"Copa","COPALLIN":"Copallín","COPANI":"Copani","COPORAQUE":"Coporaque","CORACORA":"Coracora","CORANI":"Corani","CORCULLA":"Corculla","CORDOVA":"Córdova","CORIS":"Coris","CORONEL CASTANEDA":"Coronel Castañeda","CORONEL GREGORIO ALBARRACIN LANCHIPA":"Coronel Gregorio Albarracin Lanchipa","CORONGO":"Corongo","COROSHA":"Corosha","CORRALES":"Corrales","CORTEGANA":"Cortegana","COSME":"Cosme","COSPAN":"Cospán","COTABAMBAS":"Cotabambas","COTAHUASI":"Cotahuasi","COTAPARACO":"Cotaparaco","COTARUSE":"Cotaruse","COVIRIALI":"Coviriali","COYA":"Coya","COYLLURQUI":"Coyllurqui","CRISTO NOS VALGA":"Cristo Nos Valga","CRUCERO":"Crucero","CUCHUMBAYA":"Cuchumbaya","CUENCA":"Cuenca","CUISPES":"Cuispes","CUJILLO":"Cujillo","CULEBRAS":"Culebras","CULLHUAS":"Cullhuas","CUMBA":"Cumba","CUNUMBUQUI":"Cuñumbuqui","CUPI":"Cupi","CUPISNIQUE":"Cupisnique","CURA MORI":"Cura Mori","CURAHUASI":"Curahuasi","CURASCO":"Curasco","CURGOS":"Curgos","CURIBAYA":"Curibaya","CURICACA":"Curicaca","CURIMANA":"Curimaná","CURPAHUASI":"Curpahuasi","CUSCA":"Cusca","CUSCO":"Cusco","CUSIPATA":"Cusipata","CUTERVO":"Cutervo","CUTURAPI":"Cuturapi","CUYOCUYO":"Cuyocuyo","DANIEL ALOMIA ROBLES":"Daniel Alomia Robles","DANIEL ALOMIAS ROBLES":"Daniel Alomia Robles","DANIEL HERNANDEZ":"Daniel Hernández","DEAN VALDIVIA":"Dean Valdivia","DESAGUADERO":"Desaguadero","ECHARATE":"Echarate","EDUARDO VILLANUEVA":"Eduardo Villanueva","EL AGUSTINO":"El Agustino","EL ALGARROBAL":"El Algarrobal","EL ALTO":"El Alto","EL CARMEN":"El Carmen","EL CARMEN DE LA FRONTERA":"El Carmen de La Frontera","EL CENEPA":"El Cenepa","EL ESLABON":"El Eslabón","EL INGENIO":"El Ingenio","EL MANTARO":"El Mantaro","EL MILAGRO":"El Milagro","EL ORO":"El Oro","EL PARCO":"El Parco","EL PORVENIR":"El Porvenir","EL PRADO":"El Prado","EL TALLAN":"El Tallán","EL TAMBO":"El Tambo","ELEAZAR GUZMAN BARRON":"Eleazar Guzmán Barrón","ELIAS SOPLIN VARGAS":"Elias Soplín Vargas","EMILIO SAN MARTIN":"Emilio San Martín","ENCANADA":"Encañada","ESPINAR":"Espinar","ESTIQUE":"Estique","ESTIQUE-PAMPA":"Estique-Pampa","ETEN":"Etén","ETEN PUERTO":"Etén Puerto","FERNANDO LORES":"Fernando Lores","FERRENAFE":"Ferreñafe","FIDEL OLIVAS ESCUDERO":"Fidel Olivas Escudero","FITZCARRALD":"Fitzcarrald","FLORENCIA DE MORA":"Florencia de Mora","FLORIDA":"Florida","FRIAS":"Frías","GAMARRA":"Gamarra","GORGOR":"Gorgor","GOYLLARISQUIZGA":"Goyllarisquizga","GRANADA":"Granada","GREGORIO PITA":"Gregorio Pita","GROCIO PRADO":"Grocio Prado","GUADALUPE":"Guadalupe","GUADALUPITO":"Guadalupito","GUZMANGO":"Guzmango","HABANA":"Habana","HAQUIRA":"Haquira","HERMILIO VALDIZAN":"Hermilio Valdizán","HEROES ALBARRACIN":"Héroes Albarracín","HEROINAS TOLEDO":"Heroínas Toledo","HONGOS":"Hongos","HONORIA":"Honoria","HUABAL":"Huabal","HUAC-HUAS":"Huac-Huas","HUACACHI":"Huacachi","HUACANA":"Huacaña","HUACAR":"Huacar","HUACASCHUQUE":"Huacaschuque","HUACAYBAMBA":"Huacaybamba","HUACCANA":"Huaccana","HUACCHIS":"Huacchis","HUACHAC":"Huáchac","HUACHIS":"Huachis","HUACHO":"Huacho","HUACHOCOLPA":"Huachocolpa","HUACHON":"Huachón","HUACHOS":"Huachos","HUACHUPAMPA":"Huachupampa","HUACLLAN":"Huacllán","HUACRACHUCO":"Huacrachuco","HUACRAPUQUIO":"Huacrapuquio","HUACULLANI":"Huacullani","HUAILLATI":"Huayllati","HUALGAYOC":"Hualgayoc","HUALHUAS":"Hualhuas","HUALLA":"Hualla","HUALLAGA":"Huallaga","HUALLANCA":"Huallanca","HUALLAY-GRANDE":"Huallay Grande","HUALMAY":"Hualmay","HUAMACHUCO":"Huamachuco","HUAMALI":"Huamalí","HUAMANCACA CHICO":"Huamancaca Chico","HUAMANGUILLA":"Huamanguilla","HUAMANQUIQUIA":"Huamanquiquia","HUAMANTANGA":"Huamantanga","HUAMATAMBO":"Huamatambo","HUAMBALPA":"Huambalpa","HUAMBO":"Huambo","HUAMBOS":"Huambos","HUAMPARA":"Huampara","HUANCA":"Huanca","HUANCA-HUANCA":"Huanca-Huanca","HUANCABAMBA":"Huancabamba","HUANCAN":"Huancán","HUANCANE":"Huancané","HUANCANO":"Huancano","HUANCAPI":"Huancapi","HUANCAPON":"Huancapón","HUANCARAMA":"Huancarama","HUANCARANI":"Huancarani","HUANCARAY":"Huancaray","HUANCARAYLLA":"Huancaraylla","HUANCARQUI":"Huancarqui","HUANCAS":"Huancas","HUANCASPATA":"Huancaspata","HUANCAVELICA":"Huancavelica","HUANCAYA":"Huancaya","HUANCAYO":"Huancayo","HUANCHACO":"Huanchaco","HUANCHAY":"Huanchay","HUANDO":"Huando","HUANDOVAL":"Huandoval","HUANEC":"Huañec","HUANGASCAR":"Huangascar","HUANIPACA":"Huanipaca","HUANOQUITE":"Huanoquite","HUANTA":"Huanta","HUANTAN":"Huantan","HUANTAR":"Huántar","HUANUARA":"Huanuara","HUANUCO":"Huánuco","HUANUHUANU":"Huanuhuanu","HUANZA":"Huanza","HUAQUIRCA":"Huaquirca","HUARAL":"Huaral","HUARANCHAL":"Huaranchal","HUARANGO":"Huarango","HUARAZ":"Huaraz","HUARI":"Huari","HUARIACA":"Huariaca","HUARIBAMBA":"Huaribamba","HUARICOLCA":"Huaricolca","HUARIPAMPA":"Huaripampa","HUARMACA":"Huarmaca","HUARMEY":"Huarmey","HUARO":"Huaro","HUAROCHIRI":"Huarochirí","HUAROCONDO":"Huarocondo","HUAROS":"Huaros","HUASAHUASI":"Huasahuasi","HUASICANCHA":"Huasicancha","HUASMIN":"Huasmín","HUASO":"Huaso","HUASTA":"Huasta","HUATA":"Huata","HUATASANI":"Huatasani","HUAURA":"Huaura","HUAY HUAY":"Huay-Huay","HUAY-HUAY":"Huay-Huay","HUAYA":"Hualla","HUAYACUNDO ARMA":"Huayacundo Arma","HUAYAN":"Huayán","HUAYANA":"Huayana","HUAYLAS":"Huaylas","HUAYLILLAS":"Huaylillas","HUAYLLABAMBA":"Huayllabamba","HUAYLLACAYAN":"Huayllacayán","HUAYLLAHUARA":"Huayllahuara","HUAYLLAN":"Huayllán","HUAYLLAPAMPA":"Huayllapampa","HUAYLLATI":"Huayllati","HUAYLLAY":"Huayllay","HUAYLLAY GRANDE":"Huayllay Grande","HUAYLLO":"Ihuayllo","HUAYNACOTAS":"Huaynacotas","HUAYO":"Huayo","HUAYOPATA":"Huayopata","HUAYRAPATA":"Huayrapata","HUAYTARA":"Huaytará","HUAYUCACHI":"Huayucachi","HUEPETUHE":"Huepetuhe","HUERTAS":"Huertas","HUICUNGO":"Huicungo","HUIMBAYOC":"Huimbayoc","HUIPOCA":"Huipoca","HUMAY":"Humay","IBERIA":"Iberia","ICA":"Ica","ICHOCAN":"Ichocán","ICHUNA":"Ichuña","ICHUPAMPA":"Ichupampa","IGNACIO ESCUDERO":"Ignacio Escudero","IGUAIN":"Iguain","IHUARI":"Ihuari","IHUAYLLO":"Ihuayllo","ILABAYA":"Ilabaya","ILAVE":"Ilave","ILLIMO":"Illimo","ILO":"Ilo","IMAZA":"Imaza","IMPERIAL":"Imperial","INAHUAYA":"Inahuaya","INAMBARI":"Inambari","INAPARI":"Iñapari","INCAHUASI":"Incahuasi","INCHUPALLA":"Inchupalla","INCLAN":"Inclán","INDEPENDENCIA":"Independencia","INDIANA":"Indiana","INGENIO":"Ingenio","INGUILPATA":"Inguilpata","INKAWASI":"Inkawasi","IPARIA":"Iparia","IQUITOS":"Iquitos","IRAY":"Iray","IRAZOLA":"Irazola","ISLAY":"Islay","ITE":"Ite","ITUATA":"Ituata","IZCUCHACA":"Izcuchaca","JACAS CHICO":"Jacas Chico","JACAS GRANDE":"Jacas Grande","JACOBO HUNTER":"Jacobo Hunter","JAEN":"Jaén","JAMALCA":"Jamalca","JANGAS":"Jangas","JANJAILLO":"Janjaillo","JAQUI":"Jaqui","JAUJA":"Jauja","JAYANCA":"Jayanca","JAZAN":"Jazán","JEBEROS":"Jeberos","JENARO HERRERA":"Jenaro Herrera","JEPELACIO":"Jepelacio","JEQUETEPEQUE":"Jequetepeque","JESUS":"Jesús","JESUS MARIA":"Jesús María","JESUS NAZARENO":"Jesús Nazareno","JILILI":"Jilili","JIRCAN":"Jircan","JIVIA":"Jivia","JORGE CHAVEZ":"Jorge Chávez","JOSE CRESPO Y CASTILLO":"José Crespo y Castillo","JOSE DOMINGO CHOQUEHUANCA":"José Domingo Choquehuanca","JOSE GALVEZ":"José Gálvez","JOSE LEONARDO ORTIZ":"José Leonardo Ortiz","JOSE LUIS BUSTAMANTE Y RIVERO":"José Luis Bustamante y Rivero","JOSE MANUEL QUIROZ":"José Manuel Quiroz","JOSE MARIA ARGUEDAS":"José María Arguedas","JOSE MARIA QUIMPER":"José María Quimper","JOSE SABOGAL":"José Sabogal","JUAN ESPINOZA MEDRANO":"Juan Espinoza Medrano","JUAN GUERRA":"Juan Guerra","JUANJUI":"Juanjuí","JULCAMARCA":"Julcamarca","JULCAN":"Julcán","JULI":"Juli","JULIACA":"Juliaca","JUMBILLA":"Jumbilla","JUNIN":"Junín","JUSTO APU SAHUARAURA":"Justo Apu Sahuaraura","KAQUIABAMBA":"Kaquiabamba","KELLUYO":"Kelluyo","KIMBIRI":"Kimbiri","KISHUARA":"Kishuara","KOSNIPATA":"Kosñipata","KUMPIRUSHIATO":"Kumpirushiato","KUNTURKANKI":"Kunturkanki","LA ARENA":"La Arena","LA BANDA DE SHILCAYO":"La Banda de Shilcayo","LA BREA":"La Brea","LA CAPILLA":"La Capilla","LA COIPA":"La Coipa","LA CRUZ":"La Cruz","LA CUESTA":"La Cuesta","LA ESPERANZA":"La Esperanza","LA FLORIDA":"La Florida","LA HUACA":"La Huaca","LA JALCA":"La Jalca","LA JOYA":"La Joya","LA LIBERTAD":"La Libertad","LA LIBERTAD DE PALLAN":"La Libertad de Pallán","LA MATANZA":"La Matanza","LA MERCED":"La Merced","LA MOLINA":"La Molina","LA MORADA":"La Morada","LA OROYA":"La Oroya","LA PAMPA":"La Pampa","LA PECA":"La Peca","LA PERLA":"La Perla","LA PRIMAVERA":"La Primavera","LA PUNTA":"La Punta","LA RAMADA":"La Ramada","LA TINGUINA":"La Tinguiña","LA UNION":"La Unión","LA VICTORIA":"La Victoria","LA YARADA LOS PALOS":"La Yarada los Palos","LABERINTO":"Laberinto","LACABAMBA":"Lacabamba","LACHAQUI":"Lachaqui","LAGUNAS":"Lagunas","LAHUAYTAMBO":"Lahuaytambo","LAJAS":"Lajas","LALAQUIZ":"Lalaquiz","LAMAS":"Lamas","LAMAY":"Lamay","LAMBAYEQUE":"Lambayeque","LAMBRAMA":"Lambrama","LAMBRAS":"Lambras","LAMPA":"Lampa","LAMPIAN":"Lampián","LAMUD":"Lámud","LANCONES":"Lancones","LANGA":"Langa","LANGUI":"Langui","LARAMARCA":"Laramarca","LARAMATE":"Laramate","LARAOS":"Laraos","LAREDO":"Laredo","LARES":"Lares","LARI":"Lari","LARIA":"Laria","LAS AMAZONAS":"Las Amazonas","LAS LOMAS":"Las Lomas","LAS PIEDRAS":"Las Piedras","LAS PIRIAS":"Las Pirias","LAYO":"Layo","LEIMEBAMBA":"Leimebamba","LEONCIO PRADO":"Leoncio Prado","LEONOR ORDONEZ":"Leonor Ordóñez","LEVANTO":"Levanto","LIMA":"Lima","LIMABAMBA":"Limabamba","LIMATAMBO":"Limatambo","LIMBANI":"Limbani","LINCE":"Lince","LINCHA":"Lincha","LIRCAY":"Lircay","LIVITACA":"Livitaca","LLACANORA":"Llacanora","LLACLLIN":"Llacllin","LLALLI":"Llalli","LLAMA":"Llama","LLAMELLIN":"Llamellín","LLAPA":"Llapa","LLAPO":"Llapo","LLATA":"Llata","LLAUTA":"Llauta","LLAYLLA":"Llaylla","LLIPA":"Llipa","LLIPATA":"Llipata","LLOCHEGUA":"Llochegua","LLOCLLAPAMPA":"Llocllapampa","LLOQUE":"Lloque","LLUMPA":"Llumpa","LLUSCO":"Llusco","LLUTA":"Lluta","LOBITOS":"Lobitos","LOCROJA":"Locroja","LOCUMBA":"Locumba","LOMAS":"Lomas","LONGAR":"Longar","LONGOTEA":"Longotea","LONGUITA":"Longuita","LONYA CHICO":"Lonya Chico","LONYA GRANDE":"Lonya Grande","LOS AQUIJES":"Los Aquijes","LOS BANOS DEL INCA":"Los Baños del Inca","LOS CHANKAS":"Los Chankas","LOS MOROCHUCOS":"Los Morochucos","LOS OLIVOS":"Los Olivos","LOS ORGANOS":"Los Órganos","LUCANAS":"Lucanas","LUCMA":"Lucma","LUCRE":"Lucre","LUIS CARRANZA":"Luis Carranza","LUNAHUANA":"Lunahuana","LURICOCHA":"Luricocha","LURIGANCHO":"Lurigancho","LURIGANCHO - CHOSICA":"Lurigancho","LURIN":"Lurín","LUYA":"Luya","LUYA VIEJO":"Luya Viejo","LUYANDO":"Luyando","MACA":"Maca","MACARI":"Macari","MACATE":"Macate","MACHAGUAY":"Machaguay","MACHE":"Mache","MACHUPICCHU":"Machupicchu","MACUSANI":"Macusani","MADEAN":"Madean","MADRE DE DIOS":"Madre de Dios","MADRIGAL":"Madrigal","MAGDALENA":"Magdalena","MAGDALENA DE CAO":"Magdalena de Cao","MAGDALENA DEL MAR":"Magdalena Del Mar","MAJES":"Majes","MALA":"Mala","MALVAS":"Malvas","MAMARA":"Mamara","MANANTAY":"Manantay","MANAS":"Manas","MANAZO":"Mañazo","MANCORA":"Máncora","MANCOS":"Mancos","MANGAS":"Mangas","MANITEA":"Manitea","MANSERICHE":"Manseriche","MANTA":"Manta","MANU":"Manu","MANUEL ANTONIO MESONES MURO":"Manuel Antonio Mesones Muro","MANZANARES":"Manzanares","MAQUIA":"Maquia","MARA":"Mara","MARANGANI":"Marangani","MARANURA":"Maranura","MARAS":"Maras","MARCA":"Marca","MARCABAL":"Marcabal","MARCABAMBA":"Marcabamba","MARCAPATA":"Marcapata","MARCAPOMACOCHA":"Marcapomacocha","MARCARA":"Marcará","MARCAS":"Marcas","MARCAVELICA":"Marcavelica","MARCO":"Marco","MARCONA":"Marcona","MARGOS":"Margos","MARIA":"María","MARIA PARADO DE BELLIDO":"María Parado de Bellido","MARIANO DAMASO BERAUN":"Mariano Damaso Beraún","MARIANO MELGAR":"Mariano Melgar","MARIANO NICOLAS VALCARCEL":"Mariano Nicolás Valcárcel","MARIAS":"Marías","MARIATANA":"Mariatana","MARISCAL BENAVIDES":"Mariscal Benavides","MARISCAL CACERES":"Mariscal Cáceres","MARISCAL CASTILLA":"Mariscal Castilla","MARISCAL GAMARRA":"Mariscal Gamarra","MARMOT":"Marmot","MASIN":"Masín","MASISEA":"Masisea","MASMA":"Masma","MASMA CHICCHE":"Masma Chicche","MATACOTO":"Matacoto","MATAHUASI":"Matahuasi","MATALAQUE":"Matalaque","MATAPALO":"Matapalo","MATARA":"Matara","MATO":"Mato","MATUCANA":"Matucana","MAZAMARI":"Mazamari","MAZAN":"Mazan","MEGANTONI":"Megantoni","MEJIA":"Mejía","MI PERU":"Mi Perú","MICAELA BASTIDAS":"Micaela Bastidas","MIGUEL CHECA":"Miguel Checa","MIGUEL IGLESIAS":"Miguel Iglesias","MILPUC":"Milpuc","MILPUCC":"Milpuc","MIRACOSTA":"Miracosta","MIRAFLORES":"Miraflores","MIRGAS":"Mirgas","MITO":"Mito","MOCHE":"Moche","MOCHUMI":"Mochumi","MOHO":"Moho","MOLINO":"Molino","MOLINOPAMPA":"Molinopampa","MOLINOS":"Molinos","MOLLEBAMBA":"Mollebamba","MOLLEBAYA":"Mollebaya","MOLLENDO":"Mollendo","MOLLEPAMPA":"Mollepampa","MOLLEPATA":"Mollepata","MONOBAMBA":"Monobamba","MONSEFU":"Monsefú","MONTERO":"Montero","MONTEVIDEO":"Montevideo","MONZON":"Monzón","MOQUEGUA":"Moquegua","MORALES":"Morales","MORCOLLA":"Morcolla","MORO":"Moro","MOROCOCHA":"Morococha","MORONA":"Morona","MORROPE":"Mórrope","MORROPON":"Morropón","MOSOC LLACTA":"Mosoc Llacta","MOTUPE":"Motupe","MOYA":"Moya","MOYOBAMBA":"Moyobamba","MUNANI":"Muñani","MUQUI":"Muqui","MUQUIYAUYO":"Muquiyauyo","MUSGA":"Musga","NAHUIMPUQUIO":"Ñahuimpuquio","NAMBALLE":"Namballe","NAMORA":"Namora","NANCHOC":"Nanchoc","NAPO":"Napo","NASCA":"Nasca","NAUTA":"Nauta","NAVAN":"Naván","NAZCA":"Nazca","NEPENA":"Nepeña","NESHUYA":"Neshuya","NICASIO":"Nicasio","NICOLAS DE PIEROLA":"Nicolás de Piérola","NIEPOS":"Niepos","NIEVA":"Nieva","NINABAMBA":"Ninabamba","NINACACA":"Ninacaca","NUEVA ARICA":"Nueva Arica","NUEVA CAJAMARCA":"Nueva Cajamarca","NUEVA REQUENA":"Nueva Requena","NUEVE DE JULIO":"Nueve de Julio","NUEVO CHIMBOTE":"Nuevo Chimbote","NUEVO IMPERIAL":"Nuevo Imperial","NUEVO OCCORO":"Nuevo Occoro","NUEVO PROGRESO":"Nuevo Progreso","NUNOA":"Nuñoa","OBAS":"Obas","OCALLI":"Ocalli","OCANA":"Ocaña","OCOBAMBA":"Ocobamba","OCONA":"Ocoña","OCONGATE":"Ocongate","OCORURO":"Ocoruro","OCOYO":"Ocoyo","OCROS":"Ocros","OCUCAJE":"Ocucaje","OCUMAL":"Ocumal","OCUVIRI":"Ocuviri","OLLACHEA":"Ollachea","OLLANTAYTAMBO":"Ollantaytambo","OLLARAYA":"Ollaraya","OLLEROS":"Olleros","OLMOS":"Olmos","OMACHA":"Omacha","OMAS":"Omas","OMATE":"Omate","OMIA":"Omia","ONDORES":"Ondores","ONGON":"Ongon","ONGOY":"Ongoy","ORCOPAMPA":"Orcopampa","ORCOTUNA":"Orcotuna","ORONCCOY":"Oronccoy","OROPESA":"Oropesa","ORURILLO":"Orurillo","OTOCA":"Otoca","OTUZCO":"Otuzco","OXAMARCA":"Oxamarca","OXAPAMPA":"Oxapampa","OYOLO":"Oyolo","OYON":"Oyón","OYOTUN":"Oyotun","PACA":"Paca","PACAIPAMPA":"Pacaipampa","PACANGA":"Pacanga","PACAPAUSA":"Pacapausa","PACARAN":"Pacarán","PACARAOS":"Pacaraos","PACASMAYO":"Pacasmayo","PACAYCASA":"Pacaycasa","PACCARITAMBO":"Paccaritambo","PACCHA":"Paccha","PACCHO":"Paccho","PACHACAMAC":"Pachacámac","PACHACONAS":"Pachaconas","PACHACUTEC":"Pachacútec","PACHAMARCA":"Pachamarca","PACHANGARA":"Pachangara","PACHAS":"Pachas","PACHIA":"Pachia","PACHIZA":"Pachiza","PACLLON":"Pacllón","PACOBAMBA":"Pacobamba","PACOCHA":"Pacocha","PACORA":"Pacora","PACUCHA":"Pacucha","PADRE ABAD":"Padre Abad","PADRE MARQUEZ":"Padre Márquez","PAICO":"Paico","PAIJAN":"Paiján","PAIMAS":"Paimas","PAITA":"Paita","PAJARILLO":"Pajarillo","PALCA":"Palca","PALCAMAYO":"Palcamayo","PALCAZU":"Palcazu","PALLANCHACRA":"Pallanchacra","PALLASCA":"Pallasca","PALLPATA":"Pallpata","PALMAPAMPA":"Samugari","PALPA":"Palpa","PAMPA HERMOSA":"Pampa Hermosa","PAMPACHIRI":"Pampachiri","PAMPACOLCA":"Pampacolca","PAMPAMARCA":"Pampamarca","PAMPAROMAS":"Pamparomás","PAMPAS":"Pampas","PAMPAS CHICO":"Pampas Chico","PAMPAS DE HOSPITAL":"Pampas de Hospital","PAMPAS GRANDE":"Pampas Grande","PANAO":"Panao","PANCAN":"Pancán","PANGOA":"Pangoa","PAPAPLAYA":"Papaplaya","PAPAYAL":"Papayal","PARACAS":"Paracas","PARAMONGA":"Paramonga","PARANDAY":"Paranday","PARARCA":"Pararca","PARARIN":"Pararín","PARAS":"Paras","PARATIA":"Paratia","PARCO":"Parco","PARCONA":"Parcona","PARCOY":"Parcoy","PARDO MIGUEL":"Pardo Miguel","PARIACOTO":"Pariacoto","PARIAHUANCA":"Pariahuanca","PARINARI":"Parinari","PARINAS":"Pariñas","PAROBAMBA":"Parobamba","PARURO":"Paruro","PASTAZA":"Pastaza","PATAMBUCO":"Patambuco","PATAPO":"Patapo","PATAYPAMPA":"Pataypampa","PATAZ":"Pataz","PATIBAMBA":"Patibamba","PATIVILCA":"Pativilca","PAUCAR":"Paucar","PAUCARA":"Paucara","PAUCARBAMBA":"Paucarbamba","PAUCARCOLLA":"Paucarcolla","PAUCARPATA":"Paucarpata","PAUCARTAMBO":"Paucartambo","PAUCAS":"Paucas","PAUSA":"Pausa","PAZOS":"Pazos","PEBAS":"Pebas","PEDRO GALVEZ":"Pedro Gálvez","PEDRO VILCA APAZA":"Pedro Vilca Apaza","PERENE":"Perené","PHARA":"Phara","PIAS":"Pias","PICHACANI":"Pichacani","PICHANAQUI":"Pichanaqui","PICHARI":"Pichari","PICHIGUA":"Pichigua","PICHIRHUA":"Pichirhua","PICHOS":"Pichos","PICOTA":"Picota","PICSI":"Picsi","PILCHACA":"Pilchaca","PILCOMAYO":"Pilcomayo","PILCUYO":"Pilcuyo","PILLCO MARCA":"Pillco Marca","PILLPINTO":"Pillpinto","PILLUANA":"Pilluana","PILPICHACA":"Pilpichaca","PIMENTEL":"Pimentel","PIMPINGOS":"Pimpingos","PINRA":"Pinra","PINTO RECODO":"Pinto Recodo","PION":"Pion","PIRA":"Pira","PISAC":"Pisac","PISACOMA":"Pisacoma","PISCO":"Pisco","PISCOBAMBA":"Piscobamba","PISCOYACU":"Piscoyacu","PISUQUIA":"Pisuquia","PITIPO":"Pitipo","PITUMARCA":"Pitumarca","PIURA":"Piura","PLATERIA":"Platería","POCOHUANCA":"Pocohuanca","POCOLLAY":"Pocollay","POCSI":"Pocsi","POLOBAYA":"Polobaya","POLVORA":"Pólvora","POMABAMBA":"Pomabamba","POMACANCHA":"Pomacancha","POMACANCHI":"Pomacanchi","POMACOCHA":"Pomacocha","POMAHUACA":"Pomahuaca","POMALCA":"Pomalca","POMATA":"Pomata","PONTO":"Ponto","POROTO":"Poroto","POROY":"Poroy","POSIC":"Posic","POTONI":"Potoni","POZUZO":"Pozuzo","PROGRESO":"Progreso","PROVIDENCIA":"Providencia","PUCACACA":"Pucacaca","PUCACOLPA":"Pucacolpa","PUCALA":"Pucala","PUCARA":"Pucará","PUCAYACU":"Pucayacu","PUCUSANA":"Pucusana","PUCYURA":"Pucyura","PUEBLO LIBRE":"Pueblo Libre","PUEBLO NUEVO":"Pueblo Nuevo","PUENTE PIEDRA":"Puente Piedra","PUERTO BERMUDEZ":"Puerto Bermúdez","PUERTO INCA":"Puerto Inca","PUINAHUA":"Puinahua","PULAN":"Pulán","PULLO":"Pullo","PUNCHANA":"Punchana","PUNCHAO":"Punchao","PUNO":"Puno","PUNOS":"Puños","PUNTA DE BOMBON":"Punta de Bombón","PUNTA HERMOSA":"Punta Hermosa","PUNTA NEGRA":"Punta Negra","PUQUINA":"Puquina","PUQUIO":"Puquio","PURUS":"Purús","PUSI":"Pusi","PUTINA":"Putina","PUTINZA":"Putinza","PUTIS":"Putis","PUTUMAYO":"Putumayo","PUYCA":"Puyca","PUYUSCA":"Puyusca","QUECHUALLA":"Quechualla","QUEHUE":"Quehue","QUELLOUNO":"Quellouno","QUEQUENA":"Quequeña","QUERCO":"Querco","QUERECOTILLO":"Querecotillo","QUEROBAMBA":"Querobamba","QUEROCOTILLO":"Querocotillo","QUEROCOTO":"Querocoto","QUEROPALCA":"Queropalca","QUIACA":"Quiaca","QUICACHA":"Quicacha","QUICHES":"Quiches","QUICHUAS":"Quichuas","QUICHUAY":"Quichuay","QUILAHUANI":"Quilahuani","QUILCA":"Quilca","QUILCAPUNCU":"Quilcapuncu","QUILCAS":"Quilcas","QUILLO":"Quillo","QUILMANA":"Quilmana","QUINCHES":"Quinches","QUINISTAQUILLAS":"Quinistaquillas","QUINJALCA":"Quinjalca","QUINOCAY":"Quinocay","QUINOTA":"Quiñota","QUINUA":"Quinua","QUINUABAMBA":"Quinuabamba","QUIQUIJANA":"Quiquijana","QUIRUVILCA":"Quiruvilca","QUISHUAR":"Quishuar","QUISQUI":"Quisqui","QUITO ARMA":"Quito-Arma","QUITO-ARMA":"Quito-Arma","QUIVILLA":"Quivilla","RAGASH":"Ragash","RAHUAPAMPA":"Rahuapampa","RAIMONDI":"Raimondi","RAMON CASTILLA":"Ramón Castilla","RANRACANCHA":"Ranracancha","RANRAHIRCA":"Ranrahirca","RAPAYAN":"Rapayan","RAYMONDI":"Raimondi","RAZURI":"Rázuri","RECTA":"Recta","RECUAY":"Recuay","REQUE":"Reque","REQUENA":"Requena","RICARDO PALMA":"Ricardo Palma","RICRAN":"Ricrán","RIMAC":"Rímac","RINCONADA LLICUAR":"Rinconada Llicuar","RIO GRANDE":"Río Grande","RIO MAGDALENA":"Río Magdalena","RIO NEGRO":"Río Negro","RIO SANTIAGO":"Río Santiago","RIO TAMBO":"Río Tambo","RIOJA":"Rioja","RIPAN":"Ripan","ROBLE":"Roble","ROCCHACC":"Rocchacc","RONDOCAN":"Rondocán","RONDOS":"Rondos","ROSA PANDURO":"Rosa Panduro","ROSARIO":"Rosario","ROSASPATA":"Rosaspata","RUMISAPA":"Rumisapa","RUPA-RUPA":"Rupa-Rupa","SABAINO":"Sabaino","SABANDIA":"Sabandia","SACANCHE":"Sacanche","SACHACA":"Sachaca","SACSAMARCA":"Sacsamarca","SAISA":"Saisa","SALAMANCA":"Salamanca","SALAS":"Salas","SALAVERRY":"Salaverry","SALCABAMBA":"Salcabamba","SALCAHUASI":"Salcahuasi","SALITRAL":"Salitral","SALLIQUE":"Sallique","SALPO":"Salpo","SAMA":"Sama","SAMAN":"Saman","SAMANCO":"Samanco","SAMEGUA":"Samegua","SAMUEL PASTOR":"Samuel Pastor","SAMUGARI":"Samugari","SAN AGUSTIN":"San Agustín","SAN ANDRES":"San Andrés","SAN ANDRES DE CUTERVO":"San Andrés de Cutervo","SAN ANDRES DE TUPICOCHA":"San Andrés de Tupicocha","SAN ANTON":"San Antón","SAN ANTONIO":"San Antonio","SAN ANTONIO DE ANTAPARCO":"San Antonio de Antaparco","SAN ANTONIO DE CACHI":"San Antonio de Cachi","SAN ANTONIO DE CHUCA":"San Antonio de Chuca","SAN ANTONIO DE CUSICANCHA":"San Antonio de Cusicancha","SAN BARTOLO":"San Bartolo","SAN BARTOLOME":"San Bartolomé","SAN BENITO":"San Benito","SAN BERNARDINO":"San Bernardino","SAN BORJA":"San Borja","SAN BUENAVENTURA":"San Buenaventura","SAN CARLOS":"San Carlos","SAN CLEMENTE":"San Clemente","SAN CRISTOBAL":"San Cristóbal","SAN CRISTOBAL DE RAJAN":"San Cristóbal de Raján","SAN DAMIAN":"San Damian","SAN FELIPE":"San Felipe","SAN FERNANDO":"San Fernando","SAN FRANCISCO":"San Francisco","SAN FRANCISCO DE ASIS":"San Francisco de Asis","SAN FRANCISCO DE ASIS DE YARUSYACAN":"San Francisco de Asís de Yarusyacán","SAN FRANCISCO DE CAYRAN":"San Francisco de Cayrán","SAN FRANCISCO DE DAGUAS":"San Francisco de Daguas","SAN FRANCISCO DE RAVACAYCO":"San Francisco de Rivacayco","SAN FRANCISCO DE RIVACAYCO":"San Francisco de Rivacayco","SAN FRANCISCO DE SANGAYAICO":"San Francisco de Sangayaico","SAN FRANCISCO DE YESO":"San Francisco del Yeso","SAN FRANCISCO DEL YESO":"San Francisco del Yeso","SAN GABAN":"San Gabán","SAN GREGORIO":"San Gregorio","SAN HILARION":"San Hilarión","SAN IGNACIO":"San Ignacio","SAN ISIDRO":"San Isidro","SAN ISIDRO DE MAINO":"San Isidro de Maino","SAN JACINTO":"San Jacinto","SAN JAVIER DE ALPABAMBA":"San Javier de Alpabamba","SAN JERONIMO":"San Jerónimo","SAN JERONIMO DE TUNAN":"San Jerónimo de Tunán","SAN JOAQUIN":"San Joaquín","SAN JOSE":"San José","SAN JOSE DE LOS CHORRILLOS":"San José de los Chorrillos","SAN JOSE DE LOS MOLINOS":"San José de Los Molinos","SAN JOSE DE LOURDES":"San José de Lourdes","SAN JOSE DE QUERO":"San José de Quero","SAN JOSE DE SISA":"San José de Sisa","SAN JOSE DE TICLLAS":"San José de Ticllas","SAN JOSE DE USHUA":"San José de Ushua","SAN JOSE DEL ALTO":"San José del Alto","SAN JUAN":"San Juan","SAN JUAN BAUTISTA":"San Juan Bautista","SAN JUAN DE BIGOTE":"San Juan de Bigote","SAN JUAN DE CHACNA":"San Juan de Chacña","SAN JUAN DE CUTERVO":"San Juan de Cutervo","SAN JUAN DE IRIS":"San Juan de Iris","SAN JUAN DE ISCOS":"San Juan de Iscos","SAN JUAN DE JARPA":"San Juan de Jarpa","SAN JUAN DE LA VIRGEN":"San Juan de La Virgen","SAN JUAN DE LICUPIS":"San Juan de Licupis","SAN JUAN DE LOPECANCHA":"San Juan de Lopecancha","SAN JUAN DE LURIGANCHO":"San Juan de Lurigancho","SAN JUAN DE MIRAFLORES":"San Juan de Miraflores","SAN JUAN DE RONTOY":"San Juan de Rontoy","SAN JUAN DE SALINAS":"San Juan de Salinas","SAN JUAN DE SIGUAS":"San Juan de Siguas","SAN JUAN DE TANTARANCHE":"San Juan de Tantaranche","SAN JUAN DE TARUCANI":"San Juan de Tarucani","SAN JUAN DE YANAC":"San Juan de Yánac","SAN JUAN DE YSCOS":"San Juan de Iscos","SAN JUAN DEL ORO":"San Juan del Oro","SAN LORENZO":"San Lorenzo","SAN LORENZO DE QUINTI":"San Lorenzo de Quinti","SAN LUIS":"San Luis","SAN LUIS DE LUCMA":"San Luis de Lucma","SAN LUIS DE SHUARO":"San Luis de Shuaro","SAN MARCOS":"San Marcos","SAN MARCOS DE ROCCHAC":"San Marcos de Rocchac","SAN MARTIN":"San Martín","SAN MARTIN DE PORRES":"San Martin de Porres","SAN MATEO":"San Mateo","SAN MATEO DE OTAO":"San Mateo de Otao","SAN MIGUEL":"San Miguel","SAN MIGUEL DE ACO":"San Miguel de Aco","SAN MIGUEL DE ACOS":"San Miguel de Acos","SAN MIGUEL DE CAURI":"San Miguel de Cauri","SAN MIGUEL DE CHACCRAMPA":"San Miguel de Chaccrampa","SAN MIGUEL DE CORPANQUI":"San Miguel de Corpanqui","SAN MIGUEL DE EL FAIQUE":"San Miguel de El Faique","SAN MIGUEL DE MAYOCC":"San Miguel de Mayocc","SAN NICOLAS":"San Nicolás","SAN PABLO":"San Pablo","SAN PABLO DE PILLAO":"San Pablo de Pillao","SAN PEDRO":"San Pedro","SAN PEDRO DE CACHORA":"San Pedro de Cachora","SAN PEDRO DE CAJAS":"San Pedro de Cajas","SAN PEDRO DE CASTA":"San Pedro de Casta","SAN PEDRO DE CHANA":"San Pedro de Chana","SAN PEDRO DE CHAULAN":"San Pedro de Chaulan","SAN PEDRO DE CHUNAN":"San Pedro de Chunán","SAN PEDRO DE CORIS":"San Pedro de Coris","SAN PEDRO DE HUACARPANA":"San Pedro de Huacarpana","SAN PEDRO DE HUANCAYRE":"San Pedro de Huancayre","SAN PEDRO DE LARAOS":"San Pedro de Laraos","SAN PEDRO DE LARCAY":"San Pedro de Larcay","SAN PEDRO DE LLOC":"San Pedro de Lloc","SAN PEDRO DE PALCO":"San Pedro de Palco","SAN PEDRO DE PILAS":"San Pedro de Pilas","SAN PEDRO DE PILLAO":"San Pedro de Pillao","SAN PEDRO DE PUTINA PUNCO":"San Pedro de Putina Punco","SAN RAFAEL":"San Rafael","SAN RAMON":"San Ramón","SAN ROQUE DE CUMBAZA":"San Roque de Cumbaza","SAN SALVADOR":"San Salvador","SAN SALVADOR DE QUIJE":"San Salvador de Quije","SAN SEBASTIAN":"San Sebastián","SAN SILVESTRE DE COCHAN":"San Silvestre de Cochán","SAN VICENTE DE CANETE":"San Vicente de Cañete","SANA":"Saña","SANAGORAN":"Sanagoran","SANAYCA":"Sañayca","SANCOS":"Sancos","SANDIA":"Sandia","SANGALLAYA":"Sangallaya","SANGARARA":"Sangarara","SANO":"Saño","SANTA":"Santa","SANTA ANA":"Santa Ana","SANTA ANA DE HUAYCAHUACHO":"Santa Ana de Huaycahuacho","SANTA ANA DE TUSI":"Santa Ana de Tusi","SANTA ANITA":"Santa Anita","SANTA BARBARA DE CARHUACAYAN":"Santa Bárbara de Carhuacayán","SANTA CATALINA":"Santa Catalina","SANTA CATALINA DE MOSSA":"Santa Catalina de Mossa","SANTA CRUZ":"Santa Cruz","SANTA CRUZ DE ANDAMARCA":"Santa Cruz de Andamarca","SANTA CRUZ DE CHUCA":"Santa Cruz de Chuca","SANTA CRUZ DE COCACHACRA":"Santa Cruz de Cocachacra","SANTA CRUZ DE FLORES":"Santa Cruz de Flores","SANTA CRUZ DE TOLED":"Santa Cruz de Toled","SANTA EULALIA":"Santa Eulalia","SANTA ISABEL DE SIGUAS":"Santa Isabel de Siguas","SANTA LEONOR":"Santa Leonor","SANTA LUCIA":"Santa Lucia","SANTA MARIA":"Santa María","SANTA MARIA DE CHICMO":"Santa María de Chicmo","SANTA MARIA DEL MAR":"Santa María del Mar","SANTA MARIA DEL VALLE":"Santa María del Valle","SANTA RITA DE SIGUAS":"Santa Rita de Siguas","SANTA RITA DE SIHUAS":"Santa Rita de Siguas","SANTA ROSA":"Santa Rosa","SANTA ROSA DE ALTO YANAJANCA":"Santa Rosa de Alto Yanajanca","SANTA ROSA DE OCOPA":"Santa Rosa de Ocopa","SANTA ROSA DE QUIVES":"Santa Rosa de Quives","SANTA ROSA DE SACCO":"Santa Rosa de Sacco","SANTA TERESA":"Santa Teresa","SANTIAGO":"Santiago","SANTIAGO DE ANCHUCAYA":"Santiago de Anchucaya","SANTIAGO DE CAO":"Santiago de Cao","SANTIAGO DE CHALLAS":"Santiago de Challas","SANTIAGO DE CHILCAS":"Santiago de Chilcas","SANTIAGO DE CHOCORVOS":"Santiago de Chocorvos","SANTIAGO DE CHUCO":"Santiago de Chuco","SANTIAGO DE LUCANAMARCA":"Santiago de Lucanamarca","SANTIAGO DE PAUCARAY":"Santiago de Paucaray","SANTIAGO DE PISCHA":"Santiago de Pischa","SANTIAGO DE PUPUJA":"Santiago de Pupuja","SANTIAGO DE QUIRAHUARA":"Santiago de Quirahuara","SANTIAGO DE SURCO":"Santiago de Surco","SANTIAGO DE TUCUMA":"Santiago de Tucuma","SANTIAGO DE TUNA":"Santiago de Tuna","SANTILLANA":"Santillana","SANTO DOMINGO":"Santo Domingo","SANTO DOMINGO DE ACOBAMBA":"Santo Domingo de Acobamba","SANTO DOMINGO DE ANDA":"Santo Domingo de Anda","SANTO DOMINGO DE CAPILLAS":"Santo Domingo de Capillas","SANTO DOMINGO DE LA CAPILLA":"Santo Domingo de La Capilla","SANTO DOMINGO DE LOS OLLEROS":"Santo Domingo de Los Olleros","SANTO TOMAS":"Santo Tomás","SANTO TOMAS DE PATA":"Santo Tomás de Pata","SANTO TORIBIO":"Santo Toribio","SAPALLANGA":"Sapallanga","SAPILLICA":"Sapillica","SAPOSOA":"Saposoa","SAQUENA":"Saquena","SARA SARA":"Sara Sara","SARAYACU":"Sarayacu","SARHUA":"Sarhua","SARIN":"Sarín","SARTIMBAMBA":"Sartimbamba","SATIPO":"Satipo","SAUCE":"Sauce","SAUCEPAMPA":"Saucepampa","SAURAMA":"Saurama","SAUSA":"Sausa","SAYAN":"Sayán","SAYAPULLO":"Sayapullo","SAYLA":"Sayla","SAYLLA":"Saylla","SECCLLA":"Secclla","SECHURA":"Sechura","SEPAHUA":"Sepahua","SEXI":"Sexi","SHAMBOYACU":"Shamboyacu","SHANAO":"Shanao","SHAPAJA":"Shapaja","SHATOJA":"Shatoja","SHILLA":"Shilla","SHIPASBAMBA":"Shipasbamba","SHUNQUI":"Shunqui","SHUNTE":"Shunte","SHUPLUY":"Shupluy","SIBAYO":"Sibayo","SICAYA":"Sicaya","SICCHEZ":"Sicchez","SICSIBAMBA":"Sicsibamba","SICUANI":"Sicuani","SIHUAS":"Sihuas","SILLAPATA":"Sillapata","SIMBAL":"Simbal","SIMON BOLIVAR":"Simón Bolívar","SINA":"Sina","SINCOS":"Sincos","SINGA":"Singa","SINSICAP":"Sinsicap","SITABAMBA":"Sitabamba","SITACOCHA":"Sitacocha","SITAJARA":"Sitajara","SIVIA":"Sivia","SOCABAYA":"Socabaya","SOCOS":"Socos","SOCOTA":"Socota","SOLOCO":"Soloco","SONCHE":"Sonche","SONDOR":"Sondor","SONDORILLO":"Sondorillo","SOPLIN":"Soplin","SORAS":"Soras","SORAYA":"Soraya","SORITOR":"Soritor","SOROCHUCO":"Sorochuco","SUBTANJALLA":"Subtanjalla","SUCCHA":"Succha","SUCRE":"Sucre","SUITUCANCHA":"Suitucancha","SULLANA":"Sullana","SUMBILCA":"Sumbilca","SUNAMPE":"Sunampe","SUPE":"Supe","SUPE PUERTO":"Supe Puerto","SURCO":"Surco","SURCUBAMBA":"Surcubamba","SURQUILLO":"Surquillo","SUSAPAYA":"Susapaya","SUYCKUTAMBO":"Suyckutambo","SUYO":"Suyo","TABACONAS":"Tabaconas","TABALOSOS":"Tabalosos","TACABAMBA":"Tacabamba","TACNA":"Tacna","TAHUAMANU":"Tahuamanu","TAHUANIA":"Tahuania","TALAVERA":"Talavera","TAMARINDO":"Tamarindo","TAMBILLO":"Tambillo","TAMBO":"Tambo","TAMBO DE MORA":"Tambo de Mora","TAMBO GRANDE":"Tambo Grande","TAMBOBAMBA":"Tambobamba","TAMBOPATA":"Tambopata","TAMBURCO":"Tamburco","TANTA":"Tanta","TANTAMAYO":"Tantamayo","TANTARA":"Tantara","TANTARICA":"Tantarica","TAPACOCHA":"Tapacocha","TAPAIRIHUA":"Tapairihua","TAPAY":"Tapay","TAPICHE":"Tapiche","TAPO":"Tapo","TAPUC":"Tapuc","TARACO":"Taraco","TARAPOTO":"Tarapoto","TARATA":"Tarata","TARAY":"Taray","TARICA":"Tarica","TARMA":"Tarma","TARUCACHI":"Tarucachi","TATE":"Tate","TAUCA":"Tauca","TAURIA":"Tauria","TAURIJA":"Taurija","TAURIPAMPA":"Tauripampa","TAYABAMBA":"Tayabamba","TENIENTE CESAR LOPEZ ROJAS":"Teniente César López Rojas","TENIENTE MANUEL CLAVERO":"Teniente Manuel Clavero","TIABAYA":"Tiabaya","TIBILLO":"Tibillo","TICACO":"Ticaco","TICAPAMPA":"Ticapampa","TICLACAYAN":"Ticlacayan","TICLLOS":"Ticllos","TICRAPO":"Ticrapo","TIGRE":"Tigre","TILALI":"Tilali","TINCO":"Tinco","TINGO":"Tingo","TINGO DE PONASA":"Tingo de Ponasa","TINGO DE SAPOSOA":"Tingo de Saposoa","TINICACHI":"Tinicachi","TINTA":"Tinta","TINTAY":"Tintay","TINTAY PUNCU":"Tintay Puncu","TINYAHUARCO":"Tinyahuarco","TIPAN":"Tipán","TIQUILLACA":"Tiquillaca","TIRAPATA":"Tirapata","TISCO":"Tisco","TOCACHE":"Tocache","TOCMOCHE":"Tocmoche","TOMAS":"Tomás","TOMAY KICHWA":"Tomay Kichwa","TOMAY-KICHWA":"Tomay Kichwa","TOMEPAMPA":"Tomepampa","TONGOD":"Tongod","TORATA":"Torata","TORAYA":"Toraya","TORIBIO CASANOVA":"Toribio Casanova","TORO":"Toro","TORRES CAUSANA":"Torres Causana","TOTORA":"Totora","TOTOS":"Totos","TOURNAVISTA":"Tournavista","TRES DE DICIEMBRE":"Tres de Diciembre","TRES UNIDOS":"Tres Unidos","TRITA":"Trita","TROMPETEROS":"Trompeteros","TRUJILLO":"Trujillo","TUCUME":"Tucume","TUMAN":"Tumán","TUMAY HUARACA":"Tumay Huaraca","TUMBADEN":"Tumbadén","TUMBES":"Tumbes","TUNAN MARCA":"Tunan Marca","TUPAC AMARU":"Túpac Amaru","TUPAC AMARU INCA":"Túpac Amaru Inca","TUPE":"Tupe","TURPAY":"Turpay","TURPO":"Turpo","TUTI":"Tuti","UBINAS":"Ubinas","UCHIZA":"Uchiza","UCHUMARCA":"Uchumarca","UCHUMAYO":"Uchumayo","UCHURACCAY":"Uchuraccay","UCO":"Uco","UCUNCHA":"Ucuncha","ULCUMAYO":"Ulcumayo","UMACHIRI":"Umachiri","UMARI":"Umari","UNICACHI":"Unicachi","UNION AGUA BLANCA":"Unión Agua Blanca","UNION ASHANINKA":"Unión Ashaninka","UNION PROGRESO":"Unión Progreso","UNON":"Uñón","UPAHUACHO":"Upahuacho","URACA":"Uraca","URANMARCA":"Uranmarca","URARINAS":"Urarinas","URCOS":"Urcos","URPAY":"Urpay","URUBAMBA":"Urubamba","USICAYOS":"Usicayos","USQUIL":"Usquil","UTCO":"Utco","UTICYACU":"Uticyacu","VALERA":"Valera","VARGAS GUERRA":"Vargas Guerra","VEGUETA":"Vegueta","VEINTISEIS DE OCTUBRE":"Veintiséis de Octubre","VEINTISIETE DE NOVIEMBRE":"Veintisiete de Noviembre","VELILLE":"Velille","VENTANILLA":"Ventanilla","VICCO":"Vicco","VICE":"Vice","VICHAYAL":"Vichayal","VICTOR LARCO HERRERA":"Victor Larco Herrera","VILAVILA":"Vilavila","VILCA":"Vilca","VILCABAMBA":"Vilcabamba","VILCANCHOS":"Vilcanchos","VILCAS HUAMAN":"Vilcas Huamán","VILLA EL SALVADOR":"Villa El Salvador","VILLA KINTIARINA":"Villa Kintiarina","VILLA MARIA DEL TRIUNFO":"Villa María Del Triunfo","VILLA RICA":"Villa Rica","VILLA VIRGEN":"Villa Virgen","VILQUE":"Vilque","VILQUE CHICO":"Vilque Chico","VINAC":"Viñac","VINCHOS":"Vinchos","VIQUES":"Viques","VIRACO":"Viraco","VIRU":"Virú","VIRUNDO":"Virundo","VISCHONGO":"Vischongo","VISTA ALEGRE":"Vista Alegre","VITIS":"Vitis","VITOC":"Vitoc","VITOR":"Vitor","VIZCATAN DEL ENE":"Vizcatán del Ene","WANCHAQ":"Wanchaq","YACUS":"Yacus","YAGUAS":"Yaguas","YAMANGO":"Yamango","YAMBRASBAMBA":"Yambrasbamba","YAMON":"Yamón","YANAC":"Yánac","YANACA":"Yanaca","YANACANCHA":"Yanacancha","YANAHUANCA":"Yanahuanca","YANAHUARA":"Yanahuara","YANAHUAYA":"Yanahuaya","YANAMA":"Yanama","YANAOCA":"Yanaoca","YANAQUIHUA":"Yanaquihua","YANAS":"Yanas","YANATILE":"Yanatile","YANQUE":"Yanque","YANTALO":"Yantalo","YAQUERANA":"Yaquerana","YARABAMBA":"Yarabamba","YARINACOCHA":"Yarinacocha","YARUMAYO":"Yarumayo","YAUCA":"Yauca","YAUCA DEL ROSARIO":"Yauca Del Rosario","YAULI":"Yauli","YAURISQUE":"Yaurisque","YAUTAN":"Yaután","YAUYA":"Yauya","YAUYOS":"Yauyos","YAUYUCAN":"Yauyucán","YAVARI":"Yavari","YONAN":"Yonán","YORONGOS":"Yorongos","YUCAY":"Yucay","YUNGA":"Yunga","YUNGAR":"Yungar","YUNGAY":"Yungay","YUNGUYO":"Yunguyo","YUPAN":"Yupán","YURA":"Yura","YURACMARCA":"Yuracmarca","YURACYACU":"Yuracyacu","YURIMAGUAS":"Yurimaguas","YURUA":"Yurua","YUYAPICHIS":"Yuyapichis","ZAPATERO":"Zapatero","ZARUMILLA":"Zarumilla","ZEPITA":"Zepita","ZORRITOS":"Zorritos","ZUNIGA":"Zuñiga","ZURITE":"Zurite"}}