id,name,lname,code,bic,street,street2,website,vat,city,zip,phone,active,state:id,country:id
res_bank_es_1542,J.P. Morgan Sec,"J.P. Morgan Securities Ltd, Sucursal En España",1542,,"Cl. Jose Ortega Y Gasset, 29",,,W0068121C,Madrid,28006,915161200,1,base.state_es_m,base.es
res_bank_es_1543,"Cofidis,S.A.,Se","Cofidis, S.A. Sucursal En España",1543,,"Pz. De La Pau, 0","Edificio Wtc, Ap1",www.cofidis.es,W0017686G,Cornella De Llobregat,8940,902308030,1,base.state_es_b,base.es
res_bank_es_1544,Andbanc S.E.,"Andbanc Luxembourg, S.A., Sucursal En España",1544,BACAESMMXXX,"Ps. De La Castellana, 55",Pl. 3,,W0182803G,Madrid,28046,912062850,1,base.state_es_m,base.es
res_bank_es_1460,Credit Suisse,"Credit Suisse Ag, Sucursal En España",1460,CRESESMMXXX,"Cl. Ayala, 42",,www.credit-suisse.com,A81956856,Madrid,28001,917916000,1,base.state_es_m,base.es
res_bank_es_1485,Bank Of America,"Bank Of America, National Association, Sucursal En España",1485,BOFAES2XXXX,"Pz. Pablo Ruiz Picasso, 1",Pl 39 Y 40 T.Picasso,,W4003376C,Madrid,28020,913965000,1,base.state_es_m,base.es
res_bank_es_1515,"Citibank, N.A.","Citibank, N.A., Sucursal En España",1515,,"Cl. Ortega Y Gasset, 29",,,W4004486I,Madrid,28006,915384100,1,base.state_es_m,base.es
res_bank_es_1123,Nac. Argentina,Banco De La Nacion Argentina,1123,,"Cl. Nuñez De Balboa, 73",,bna@bna.com.es,A08168908,Madrid,28001,915763705,1,base.state_es_m,base.es
res_bank_es_1137,Cent. Populaire,Banque Centrale Populaire,1137,,"Cl. Velazquez, 34",Pl. 1,,N2041007B,Madrid,28001,915207066,1,base.state_es_m,base.es
res_bank_es_1149,Royal Bank,Royal Bank Of Canada,1149,,"Cl. Nuñez De Balboa, 4",Pl. 1 - C,,N4041023E,Madrid,28001,913100013,1,base.state_es_m,base.es
res_bank_es_1156,New York Mellon,The Bank Of New York Mellon,1156,IRVTESM1XXX,"Cl. Jose Abascal, 45",Pl. 4,,N4001294J,Madrid,28003,911775120,1,base.state_es_m,base.es
res_bank_es_1193,Pkb Privatbank,Pkb Privatbank Ag.,1193,PKBSES21XXX,"Cl. Orquidea, 43",La Moraleja,,N0361124A,Alcobendas,28100,915829100,1,base.state_es_m,base.es
res_bank_es_1202,Wells Fargo,"Wells Fargo Bank, Na",1202,,"Pz. Pablo Ruiz Picasso, 1",Torre Picasso,,N4005536J,Madrid,28020,915768376,1,base.state_es_m,base.es
res_bank_es_1210,Banqueregionale,Banque Regionale D'Escompte Et De Depots,1210,REDEESM1XXX,"Av. Felipe Ii, 17",,,N0011679H,Madrid,28009,915764276,1,base.state_es_m,base.es
res_bank_es_1231,Canarias Venez.,"Banco Canarias De Venezuela, Ca",1231,BOCAES21XXX,"Pz. Alferez Provisional, 0","Edif.Tarajal, Loc.12",,N4841053D,Sta. Cruz De Tenerife,38002,922247711,1,base.state_es_tf,base.es
res_bank_es_1234,Buenos Aires,Banco De La Provincia De Buenos Aires,1234,PRBAESM1XXX,"Cl. Serrano, 41",Pl. 3,,N5281056A,Madrid,28001,917000776,1,base.state_es_m,base.es
res_bank_es_1236,Landesbank,Landesbank Hessen-Thueringen Girozentrale,1236,HELAESM1XXX,"Cl. General Castaños, 4",Bajo Dcha.,,N0041815B,Madrid,28004,913911004,1,base.state_es_m,base.es
res_bank_es_8832,Bankinter C.Efc,"Bankinter Consumer Finance, E.F.C., S.A.",8832,,"Av. De Bruselas, 12",Arroyo De La Vega,www.obsidiana.com,A82650672,Alcobendas,28108,914903910,1,base.state_es_m,base.es
res_bank_es_8833,Sgefi,"Sg Equipment Finance Iberia, E.F.C., S.A.",8833,,"Cl. Caleruega, 81","Pl. 6, Pta. A",,A86106838,Madrid,28033,913834340,1,base.state_es_m,base.es
res_bank_es_8834,Avant Tarjeta,"Avant Tarjeta, Establecimiento Financiero De Credito, S.A.",8834,,"Cl. Jose Echegaray, 6",,,A86373701,Las Rozas,28232,913534703,1,base.state_es_m,base.es
res_bank_es_8835,Santanderbrasil,"Santander Brasil, Establecimiento Financiero De Credito, S.A.",8835,SBFCESMMXXX,"Av. De Cantabria, 0",Ciudad Gr. Santander,,A86426335,Boadilla Del Monte,28660,0,1,base.state_es_m,base.es
res_bank_es_8906,Santander Facto,"Santander Factoring Y Confirming, S.A., E.F.C.",8906,,"Av. De Cantabria, 0",Ciudad Grp.Santander,www.confirming.es,A78287562,Boadilla Del Monte,28660,913422715,1,base.state_es_m,base.es
res_bank_es_0108,Societe General,"Societe Generale, Sucursal En España",0108,SOGEESMMXXX,"Pz. Pablo Ruiz Picasso, 1",Torre Picasso,,W0011682B,Madrid,28020,915898060,1,base.state_es_m,base.es
res_bank_es_0144,Bnp Parib.Sec,"Bnp Paribas Securities Services, Sucursal En España",0144,PARBESMXXXX,"Cl. Ribera Del Loira, 28",Pl. 3,,W0012958E,Madrid,28042,913888747,1,base.state_es_m,base.es
res_bank_es_0145,"Db-A.G., S.E.","Deutsche Bank, A.G., Sucursal En España",0145,DEUTESM1XXX,"Ps. De La Castellana, 18",,,W0041027D,Madrid,28046,915773577,1,base.state_es_m,base.es
res_bank_es_0149,"Bnp Paribas, Se","Bnp Paribas, Sucursal En España",0149,BNPAESMSXXX,"Cl. Ribera Del Loira, 28",,www.bnpparibas.es,W0011117I,Madrid,28042,913491100,1,base.state_es_m,base.es
res_bank_es_0154,Credit Agricole,"Credit Agricole Corporate And Investment Bank, Sucursal En España",0154,BSUIESMMXXX,"Ps. De La Castellana, 1",,,N0011043G,Madrid,28046,914327200,1,base.state_es_m,base.es
res_bank_es_0057,Depositariobbva,"Banco Depositario Bbva, S.A.",0057,BVADESMMXXX,"Cl. Clara Del Rey, 26",,,A08109670,Madrid,28002,913743000,1,base.state_es_m,base.es
res_bank_es_0058,"Bnp Paribas, Sa","Bnp Paribas España, S.A.",0058,BNPAESMMXXX,"Cl. Ribera Del Loira, 28",Pl.4,www.bancaprivada.bnpparibas.es,A28000370,Madrid,28042,913888070,1,base.state_es_m,base.es
res_bank_es_0059,Banco De Madrid,"Banco De Madrid, S.A.",0059,MADRESMMXXX,"Ps. De La Castellana, 0",,,A28014207,Madrid,28046,917815360,1,base.state_es_m,base.es
res_bank_es_0061,Banca March,"Banca March, S.A.",0061,BMARES2MXXX,"Av. Alejandro Rosello, 8",,www.bancamarch.es,A07004021,Palma,7002,971779100,1,base.state_es_pm,base.es
res_bank_es_0073,Open Bank,"Open Bank, S.A.",0073,OPENESMMXXX,"Av. Cantabria, 0",Ciudad Gr. Santander,www.openbank.es,A28021079,Boadilla Del Monte,28660,913421000,1,base.state_es_m,base.es
res_bank_es_0113,Indust. Bilbao,"Banco Industrial De Bilbao, S.A.",0113,INBBESM1XXX,"Cl. Gran Via D. Diego Lopez Haro, 1",,,A48036990,Bilbao,48009,944875429,1,base.state_es_bi,base.es
res_bank_es_0115,Banco Clm,"Banco De Castilla-La Mancha, S.A.",0115,,"Pq. De San Julian, 20",,,A15011489,Cuenca,16001,969177300,1,base.state_es_cu,base.es
res_bank_es_0121,Occidental,"Banco Occidental, S.A.",0121,OCBAESM1XXX,"Ps. De La Castellana, 81",Pl. 5,,A28137958,Madrid,28046,944875429,1,base.state_es_m,base.es
res_bank_es_0122,Citibank España,"Citibank España, S.A.",0122,CITIES2XXXX,"Av. De Europa, 19",Pq.Emp.La Moraleja,www.citibank.es,A28142081,Alcobendas,28108,916631000,1,base.state_es_m,base.es
res_bank_es_0129,Bbva B.Financ.,"Bbva Banco De Financiacion, S.A.",0129,INALESM1XXX,". G.Via Don Diego Lopez De Haro, 1",,,A08188807,Bilbao,48001,944875429,1,base.state_es_bi,base.es
res_bank_es_3058,Cajamar,"Cajamar Caja Rural, Sociedad Cooperativa De Credito",3058,CCRIES2AXXX,"Pz. Barcelona, 5",,www.cajamar.es,F04001475,Almeria,4006,950210100,1,base.state_es_al,base.es
res_bank_es_3059,C.R. Asturias,"Caja Rural De Asturias, Sociedad Cooperativa De Credito",3059,BCOEESMM059,"Cl. Melquiades Alvarez, 7",,www.ruralvia.com/asturias/,F33007337,Oviedo,33002,985220591,1,base.state_es_o,base.es
res_bank_es_3082,Ruralcaja,"Caja Rural Del Mediterraneo, Ruralcaja, S. Coop. De Credito",3082,,"Ps. Alameda, 34",,www.ruralcaja.es,F46028064,Valencia,46023,963870800,1,base.state_es_v,base.es
res_bank_es_7861,Lico,"Lico Corporacion, S.A.",7861,,"Cl. Miguel Angel, 23",,,A78831369,Madrid,28010,913084175,1,base.state_es_m,base.es
res_bank_es_3121,C.R. De Cheste,"Caja Rural De Cheste, Sociedad Cooperativa De Credito",3121,CCRIES2A121,"Pz. Doctor Cajal, 2",,www.ruralvia.com/cheste,F46025433,Cheste,46380,962515502,1,base.state_es_v,base.es
res_bank_es_3123,C.R. De Turis,"Caixa Rural De Turis, Cooperativa De Credito Valenciana",3123,CCRIES2A123,"Pz. Constitucion, 2",,www.cajarural.com/rurales/3123/,F46027504,Turis,46389,962526061,1,base.state_es_v,base.es
res_bank_es_3135,San Jose Nules,Caja Rural San Jose De Nules S. Coop. De Credito V.,3135,CCRIES2A135,"Cl. Mayor, 66",,www.ruralvia.com/nules,F12013140,Nules,12520,964656065,1,base.state_es_cs,base.es
res_bank_es_3137,C.R. De Casinos,Caja Rural De Casinos S. Coop. De Credito V.,3137,CCRIES2A137,"Pz. Mayor, 10",,,F46043808,Casinos,46171,962700008,1,base.state_es_v,base.es
res_bank_es_3138,Caixa R Betxi,"Caja Rural De Betxi, S. Coop. De Credito V.",3138,BCOEESMM138,"Pz. Mayor, 2",,www.cajarural.com/betxi,F12013322,Betxi,12549,964623003,1,base.state_es_cs,base.es
res_bank_es_3144,C.R. Villamalea,"Caja Rural De Villamalea, S. Coop. De Credito Agrario De Castilla-La Mancha",3144,BCOEESMM144,"Pz. De La Concepcion, 1",,www.ruralvia.com/villamalea,F02004299,Villamalea,2270,967483026,1,base.state_es_ab,base.es
res_bank_es_3146,Novanca,"Caja De Credito Cooperativo, Sociedad Cooperativa De Credito",3146,CCCVESM1XXX,"Cl. Virgen De Los Peligros, 4",Pl. 4,,F28457075,Madrid,28013,916926153,1,base.state_es_m,base.es
res_bank_es_3157,Caixa R. Xilxes,"Caja Rural La Junquera De Chilches, S. Coop. De Credito V.",3157,CCRIES2A157,"Pz. España, 8",,www.ruralvia.com/chilches,F12013124,Chilches,12592,964590089,1,base.state_es_cs,base.es
res_bank_es_3161,C.R.S. Fortunat,"Caja Rural San Fortunato, Sdad. Coop. Catalana Cto. Ltda.",3161,,"Cl. Bonaire, 11",,,F25015660,Castelldans,25154,973120056,1,base.state_es_l,base.es
res_bank_es_3174,Caixa Vinaros,"Caixa Rural Vinaros, S. Coop. De Credit. V.",3174,BCOEESMM174,"Cl. San Cristobal, 19",,www.ruralvia.com,F12013249,Vinaros,12500,964407280,1,base.state_es_cs,base.es
res_bank_es_3183,Arquia,Caja De Arquitectos S. Coop. De Credito,3183,CASDESBBXXX,"Cl. Arcs, 1",,www.arquia.es,F08809808,Barcelona,8002,934826810,1,base.state_es_b,base.es
res_bank_es_3184,Caja De Alcoy,"Caja De Credito De Alcoy, Cooperativa De Credito Valenciana (En Liquidacion)",3184,,"Cl. Santa Rosa, 48",,,F03285467,Alcoy,3800,965525112,1,base.state_es_a,base.es
res_bank_es_4709,Ing Lease Efc,"Ing Lease (España), E.F.C., S.A.",4709,,"Av. Diagonal, 605",Pl. 9,,A08350225,Barcelona,8028,934949330,1,base.state_es_b,base.es
res_bank_es_3187,Caja R. Sur,"Caja Rural Del Sur, S. Coop. De Credito",3187,BCOEESMM187,"Cl. Murillo, 2",,www.ruralvia.com/crdelsur,F91119065,Sevilla,41001,954599100,1,base.state_es_se,base.es
res_bank_es_3188,Credit Valencia,"Credit Valencia, Caja Rural Cooperativa De Credito Valenciana",3188,CCRIES2A188,"Cl. Santa Maria Micaela, 6",,,F97086805,Valencia,46008,963354930,1,base.state_es_v,base.es
res_bank_es_6701,Younique Money,"Younique Money, E.D.E., S.A.",6701,,"Cl. Ciudad Real, 0",,www.youniquemoney.es,A85572782,Pozuelo De Alarcon,28223,918299290,1,base.state_es_m,base.es
res_bank_es_4706,Caterpillar,"Caterpillar Financial Corporacion Financiera, Sociedad Anonima Establecimiento Financiero Credito",4706,,". Via De Las Dos Castillas, 33","Edif. Atica, 6, Pl.4",,A28125805,Pozuelo De Alarcon,28224,914951300,1,base.state_es_m,base.es
res_bank_es_4713,Lico Leasing,"Lico Leasing, S.A., Establecimiento Financiero De Credito",4713,,"Cl. Miguel Angel, 23",,www.lico.es,A28167799,Madrid,28010,917003600,1,base.state_es_m,base.es
res_bank_es_4797,Santander Lease,"Santander Lease, S.A. Establecimiento Financiero De Credito",4797,,"Av. De Cantabria, 0",Ciudad Gr. Santander,www.bansalease.com,A78475209,Boadilla Del Monte,28660,912890399,1,base.state_es_m,base.es
res_bank_es_4799,Mercedes Efc,"Mercedes-Benz Financial Services España E.F.C., S.A.",4799,,"Av. De Bruselas, 30",Pg.Arroyo De La Vega,,A78510260,Alcobendas,28108,917212800,1,base.state_es_m,base.es
res_bank_es_4819,Bancantabria,"Bancantabria Inversiones, S.A., E.F.C.",4819,,"Cl. Castelar, 21",Pl. 1,www.bancantabria.com,A78654886,Santander,39004,942363234,1,base.state_es_s,base.es
res_bank_es_4832,Ibercaja Leasin,"Ibercaja Leasing Y Financiacion, S.A., Establecimiento Financiero De Credito",4832,,"Ps. Constitucion, 4",,,A50219807,Zaragoza,50008,976231609,1,base.state_es_z,base.es
res_bank_es_4837,Madrid Leasing,"Madrid Leasing Corporacion, S.A., Establecimiento Financiero De Credito",4837,,"Cl. Doctor Esquerdo, 138",,www.madridleasing.es,A79419107,Madrid,28007,914235159,1,base.state_es_m,base.es
res_bank_es_8221,Corp.Hip.Mutual,"Corporacion Hipotecaria Mutual, Sociedad Anonima, Establecimiento Financiero De Credito",8221,,"Av. Diagonal, 611",,,A58353418,Barcelona,8028,934873315,1,base.state_es_b,base.es
res_bank_es_8235,Bilbao Hipotec.,"Bilbao Hipotecaria, S.A., Establecimiento Financiero De Credito",8235,,"Ps. Puerto, 20",,,A48409023,Neguri - Getxo,48992,944898383,1,base.state_es_bi,base.es
res_bank_es_8342,Luzaro,"Luzaro Establecimiento Financiero De Credito, Sociedad Anonima",8342,,"Av. Libertad, 10",Pl. 7,,A48050728,San Sebastian,20004,943420108,1,base.state_es_ss,base.es
res_bank_es_8793,Finanmadrid,"Finanmadrid, S.A., Establecimiento Financiero De Credito",8793,,"Cl. Doctor Esquerdo, 138",,www.finanmadrid.es,A79412771,Madrid,28007,917796802,1,base.state_es_m,base.es
res_bank_es_8795,Carrefour,"Servicios Financieros Carrefour, Establecimiento Financiero De Credito, S.A.",8795,,"Cl. Juan Esplandiu, 11",,www.carrefour.es,A79456232,Madrid,28007,913891500,1,base.state_es_m,base.es
res_bank_es_8798,Eurocredito,"Euro Credito Establecimiento Financiero De Credito, S.A.",8798,,"Cl. Retama, 3",,www.eurocredito.es,A79860508,Madrid,28045,913370700,1,base.state_es_m,base.es
res_bank_es_8823,Findirect,"Financiera Española De Credito A Distancia, E.F.C., S.A.",8823,,"Av. Fuente De La Mora, 4",,,A84101682,Madrid,28050,918377810,1,base.state_es_m,base.es
res_bank_es_8828,Ios Finance,"Ios Finance E.F.C., S.A.",8828,,"Cl. Manila, 57",Bajo Pta. B,,A64512759,Barcelona,8034,935114025,1,base.state_es_b,base.es
res_bank_es_8829,Komatsu Fin.Efc,"Komatsu Financial Spain, E.F.C., S.A.",8829,,"Cl. Jose Bardasano Baos, 9",Pl. 5,,A85075596,Madrid,28016,913848155,1,base.state_es_m,base.es
res_bank_es_8903,Popular Fact.,"Popular De Factoring, Sociedad Anonima, Establecimiento Financiero De Credito",8903,,"Cl. Labastida, 11",Pl. 2,www.populardefactoring.es,A08198103,Madrid,28034,914118321,1,base.state_es_m,base.es
res_bank_es_8905,Barclays,"Barclays Factoring, S.A., Establecimiento Financiero De Credito",8905,,"Ps. Castellana, 89",,,A78063690,Madrid,28046,915562804,1,base.state_es_m,base.es
res_bank_es_0131,Espirito Santo,"Banco Espirito Santo, S.A., Sucursal En España",0131,BESMESMMXXX,"Cl. Serrano, 88",,www.bes.es,W0102800J,Madrid,28006,914005000,1,base.state_es_m,base.es
res_bank_es_0152,"Barclays, S.E.","Barclays Bank Plc, Sucursal En España",0152,BPLCESMMXXX,"Pz. De Colon, 1",,,W0061418J,Madrid,28046,913361000,1,base.state_es_m,base.es
res_bank_es_0156,Royal Bank,The Royal Bank Of Scotland N.V. Sucursal En España,0156,ABNAESMMXXX,"Cl. Jose Ortega Y Gasset, 29",Pl. 5,,W0031021I,Madrid,28006,914236900,1,base.state_es_m,base.es
res_bank_es_0159,Commerzbank,"Commerzbank Aktiengesellschaft, Sucursal En España",0159,COBAESMXXXX,"Ps. De La Castellana, 110",,,W0041282E,Madrid,28046,915724700,1,base.state_es_m,base.es
res_bank_es_0162,Hsbc Bank,"Hsbc Bank Plc, Sucursal En España",0162,MIDLESMMXXX,"Pz. Pablo Ruiz Picasso, 0","Pl.33, Torre Picasso",,W0061401F,Madrid,28020,914566100,1,base.state_es_m,base.es
res_bank_es_0167,Fortis Bank,"Fortis Bank, S.A., Sucursal En España",0167,GEBAESMMXXX,"Cl. Serrano, 73",,www.fortisbank.com,W0021127F,Madrid,28006,914365600,1,base.state_es_m,base.es
res_bank_es_0168,Ing Belgium Se,"Ing Belgium, S.A., Sucursal En España",0168,BBRUESMXXXX,"Cl. Genova, 27",,,W0021126H,Madrid,28004,917898900,1,base.state_es_m,base.es
res_bank_es_0190,"Banco Bpi, S.E.","Banco Bpi, S.A., Sucursal En España",0190,BBPIESMMXXX,"Ps. De La Castellana, 40",Bis,,W0401036I,Madrid,28046,913289800,1,base.state_es_m,base.es
res_bank_es_0196,Westlb,"Westlb Ag, Sucursal En España",0196,WELAESMMXXX,"Cl. Serrano, 37",Pl. 5,www.westlb.com,W0041901J,Madrid,28001,914328000,1,base.state_es_m,base.es
res_bank_es_0218,Fce Bank,Fce Bank Plc Sucursal En España,0218,FCEFESM1XXX,"Cl. Calendula, 13",,,W0063712D,Alcobendas,28109,917145317,1,base.state_es_m,base.es
res_bank_es_1451,Credit Sudmed,"Caisse Regionale De Credit Agricole Mutuel Sud Mediterranee (Ariege Et Pyrenees Orientales), S.E.",1451,CRCGESB1XXX,"Cl. Corcega, 301",,,W0011887G,Barcelona,8008,932179900,1,base.state_es_b,base.es
res_bank_es_1457,Lage Landen Int,"De Lage Landen International B.V., Sucursal En España",1457,LLISESM1XXX,"Cl. Jose Bardasano Baos, 9","Pl. 5, Edif.Gorbea 3",,W0031602F,Madrid,28016,913846600,1,base.state_es_m,base.es
res_bank_es_1459,Rabobank Nederl,"Cooperatieve Centrale Raiffeisen- Boerenleenbank B.A. (Rabobank Nederland), Sucursal En España",1459,PRABESMMXXX,"Cl. Rafael Calvo, 39",Pl. 1,,W0031750C,Madrid,28010,914364010,1,base.state_es_m,base.es
res_bank_es_1463,Psa Finance,"Banque Psa Finance, Sucursal En España",1463,PSABESM1XXX,"Cl. Julian Camarillo, 6",Pl. 1,,W0012543E,Madrid,28037,902114701,1,base.state_es_m,base.es
res_bank_es_1465,Ing Direct,"Ing Direct, N.V. Sucursal En España",1465,INGDESMMXXX,"Cl. Severo Ochoa, 2",P.E.Madrid-Las Rozas,www.ingdirect.es,W0032177H,Las Rozas,28230,916349200,1,base.state_es_m,base.es
res_bank_es_1467,Eurohypo,"Eurohypo A.G., Sucursal En España",1467,EHYPESMXXXX,"Ps. De La Castellana, 110",Pl. 7,www.eurohypo.com,W0042233G,Madrid,28046,917877450,1,base.state_es_m,base.es
res_bank_es_1469,Banco Sygma,"Banco Sygma Hispania, Sucursal En España",1469,SHSAESM1XXX,"Cl. Albasanz, 16",,www.mediatis.es,W0012769F,Madrid,28037,913753500,1,base.state_es_m,base.es
res_bank_es_1470,Bpi,"Banco Portugues De Investimento, S.A. Sucursal En España",1470,BPIPESM1XXX,"Ps. De La Castellana, 40",Bis - Pl. 3,,W0101346E,Madrid,28046,917814603,1,base.state_es_m,base.es
res_bank_es_1472,Ca-Leasing,"Credit Agricole Leasing & Factoring, Sucursal En España",1472,UCSSESM1XXX,"Ps. De La Castellana, 1",Bajo,,W0012760E,Madrid,28046,917820210,1,base.state_es_m,base.es
res_bank_es_1473,Edmond Rothschi,"Banque Privee Edmond De Rothschild Europe, Sucursal En España",1473,PRIBESMXXXX,"Ps. De La Castellana, 55",,,W1081034I,Madrid,28046,913646600,1,base.state_es_m,base.es
res_bank_es_1474,Citibank Inter.,"Citibank International Plc, Sucursal En España",1474,CITIESMXXXX,"Cl. Jose Ortega Y Gasset, 29",Edificio Beatriz,,W0066134H,Madrid,28006,915384100,1,base.state_es_m,base.es
res_bank_es_1480,Volkswagen Bank,"Volkswagen Bank Gmbh, Sucursal En España",1480,VOWAES21XXX,"Av. De Bruselas, 34",,www.vwbstock.com,W0042741I,Alcobendas,28108,914535100,1,base.state_es_m,base.es
res_bank_es_1481,Banco Mais,"Banco Mais, S.A. (Espanha), Sucursal En España",1481,,"Av. Del Partenon, 0",Campo Naciones,,W0101570J,Madrid,28042,913848400,1,base.state_es_m,base.es
res_bank_es_1482,John Deere,"John Deere Bank, S.A., Sucursal En España",1482,,". Bulevar John Deere, 2",,,N1181021E,Parla,28984,916009558,1,base.state_es_m,base.es
res_bank_es_1491,Triodos Bank,"Triodos Bank, N.V., S.E.",1491,TRIOESMMXXX,"Cl. Jose Echegaray, 5",Pq. Emp.Las Rozas,www.triodos.es,W0032597G,Las Rozas,28230,916404684,1,base.state_es_m,base.es
res_bank_es_1492,Bnp Paribas,Bnp Paribas Lease Group S.A. Sucursal En España,1492,,"Cl. Retama, 3",,,W0013547E,Madrid,28045,914682048,1,base.state_es_m,base.es
res_bank_es_1493,Caixabi,"Caixa Banco De Investimento, S.A. Sucursal En España",1493,,"Ps. De La Castellana, 21",Pl. 1 Izda.,,W0101947J,Madrid,28046,917450540,1,base.state_es_m,base.es
res_bank_es_1496,Genefim,"Genefim, Sucursal En España",1496,,"Pz. Pablo Ruiz Picasso, 1",Torre Picasso,,N0011685E,Madrid,28020,915893967,1,base.state_es_m,base.es
res_bank_es_1494,Intesa Sanpaolo,"Intesa Sanpaolo S.P.A., Sucursal En España",1494,BCITESMMXXX,"Ps. De La Castellana, 31","Edif. Piramide, 7Ç A",,W0051962I,Madrid,28046,913106330,1,base.state_es_m,base.es
res_bank_es_1497,Besi,"Banco Espirito Santo De Investimento, S.A., Sucursal En España",1497,ESSIESMMXXX,"Cl. Serrano, 88",Pl. 4,,W0102170H,Madrid,28006,0,1,base.state_es_m,base.es
res_bank_es_1499,Claas Financial,"Claas Financial Services, S.A.S., Sucursal En España",1499,,"Cl. Retama, 3",,,W0014060H,Madrid,28045,914682048,1,base.state_es_m,base.es
res_bank_es_1500,Natixis Lease,"Natixis Lease, S.A., Sucursal En España",1500,,"Ps. De Recoletos, 0",Pl. 6,,W0013984J,Madrid,28004,918374717,1,base.state_es_m,base.es
res_bank_es_1501,Deutsche Pfandb,"Deutsche Pfandbriefbank Ag, Sucursal En España",1501,DPBBESM1XXX,"Cl. Montesquinza, 30",Pl. 4,,W0046318B,Madrid,28010,913493200,1,base.state_es_m,base.es
res_bank_es_1502,Ikb Deutsche,"Ikb Deutsche Industriebank Ag, Sucursal En España",1502,IKBDESM1XXX,"Ps. De La Castellana, 0",,,W0044204F,Madrid,28046,917001063,1,base.state_es_m,base.es
res_bank_es_1504,Honda Bank,"Honda Bank Gmbh, Sucursal En España",1504,,"Cl. La Selva, 4",Urb. Mas Blau,,W0044283J,El Prat De Llobregat,8820,933780082,1,base.state_es_b,base.es
res_bank_es_1505,Europe Arab Ban,"Europe Arab Bank Plc, Sucursal En España",1505,ARABESMMXXX,"Ps. De La Castellana, 31",Pl. Baja,,W0068902F,Madrid,28046,913084290,1,base.state_es_m,base.es
res_bank_es_1506,Merrill Lynch,"Merrill Lynch International Bank Limited, Sucursal En España",1506,MLCBESM1XXX,"Pz. Pablo Ruiz Picasso, 1",Torre Picasso,,W0071747J,Madrid,28020,915143000,1,base.state_es_m,base.es
res_bank_es_1508,Rci Banque,"Rci Banque, S.A., Sucursal En España",1508,,"Av. De Burgos, 0",,,W0014596A,Madrid,28050,902137137,1,base.state_es_m,base.es
res_bank_es_1509,Banco Primus,"Banco Primus, S.A., Sucursal En España",1509,,"Av. De La Vega, 1. Ed. Veganova, 0",Pl. 2 - Este/Oeste,www.bancoprimus.es,W0102570I,Alcobendas,28108,911781100,1,base.state_es_m,base.es
res_bank_es_1510,Saxo Bank A/S,Saxo Bank A/S Sucursal En España,1510,,"Ps. De La Castellana, 42",Pl. 2,www.saxotrader.es,W0081547B,Madrid,28046,910020940,1,base.state_es_m,base.es
res_bank_es_1512,Elavon,"Elavon Financial Services Limited, Sucursal En España",1512,,"Cl. Antonio Gonzalez Echarte, 1",Edif. Hansa Urbana,,W0071818I,Madrid,28029,914176946,1,base.state_es_m,base.es
res_bank_es_1513,Caixa Geral Se,"Caixa Geral De Depositos, S.A. Sucursal En España",1513,,"Cl. Juan Ignacio Luca De Tena, 1",,,W0103739I,Madrid,28027,913099023,1,base.state_es_m,base.es
res_bank_es_1514,Cnh,"Cnh Financial Services, Sucursal En España",1514,,"Av. Jose Garate, 11",,,W0103662C,Coslada,28820,916603800,1,base.state_es_m,base.es
res_bank_es_1516,Jp Morgan Int,"J.P. Morgan International Bank Limited, Sucursal En España",1516,,"Cl. Jose Ortega Y Gasset, 29",,,W0069849H,Madrid,28006,915161200,1,base.state_es_m,base.es
res_bank_es_1520,"Mediobanca, S.E","Mediobanca, Sucursal En España",1520,,"Cl. Jorge Manrique, 12",,,W0053354G,Madrid,28006,915158100,1,base.state_es_m,base.es
res_bank_es_1521,Binckbank,"Binckbank Nv, Sucursal En España",1521,,"Cr. De Cadiz Km. 178'7, Local 15, 0",Ur. Marbella Real,,W0034369I,Marbella,29602,952924011,1,base.state_es_ma,base.es
res_bank_es_1522,Efg Bank (Luxem,"Efg Bank (Luxembourg) S.A., Sucursal En España",1522,EFGBESMMXXX,"Cl. Joaquin Costa, 26",,,W0181636B,Madrid,28002,913089370,1,base.state_es_m,base.es
res_bank_es_1523,Mercedes-Benz B,"Mercedes-Benz Bank Ag, Sucursal En España",1523,,"Av. De Bruselas, 30",,,W0045551I,Alcobendas,28108,914846000,1,base.state_es_m,base.es
res_bank_es_1524,Ubi Banca,"Ubi Banca International, S.A., Sucursal En España",1524,UBIBESMMXXX,"Ps. Castellana, 259",Torre Espacio Pl. 45,,W1081236J,Madrid,28046,913344061,1,base.state_es_m,base.es
res_bank_es_1526,Close Brothers,"Close Brothers Limited, Sucursal En España",1526,,"Ps. De La Castellana, 95",Pl.15A Torre Europa,www.closefs.es,W0060282A,Madrid,28046,914187910,1,base.state_es_m,base.es
res_bank_es_1528,Jcb Finance,"Jcb Finance, S.A.S., Sucursal En España",1528,,"Cl. Retama, 3",,,W0015663H,Madrid,28045,914682048,1,base.state_es_m,base.es
res_bank_es_1529,Mce Bank,"Mce Bank Gmbh, Sucursal En España",1529,,"Cl. Francisco Gervas, 4",,,W0046152E,Alcobendas,28108,914903035,1,base.state_es_m,base.es
res_bank_es_1534,Kbl Bankers,"Kbl European Private Bankers, S.A., Sucursal En España",1534,KBLXESMMXXX,"Cl. Serrano, 57",,,W0182154E,Madrid,28006,914232200,1,base.state_es_m,base.es
res_bank_es_1535,Akf,"Akf Bank Gmbh & Co Kg, Sucursal En España",1535,,"Av. De Europa, 0",Pq.Empr.La Moraleja,www.akf.espana.es,W0047018G,Alcobendas,28108,916572296,1,base.state_es_m,base.es
res_bank_es_1536,Orey Financial,"Orey Financial-Instituiçao Financeira De Credito, S.A. Sucursal En España",1536,,". Carrera De San Jeronimo, 17",,www.oreyitrade.es,W0104784D,Madrid,28014,911269055,1,base.state_es_m,base.es
res_bank_es_1537,Lloyds Tsb Bank,"Lloyds Tsb Bank Plc, Sucursal En España",1537,,"Cl. Serrano, 90",,www.lloydstsb.es,W0060995H,Madrid,28006,915209900,1,base.state_es_m,base.es
res_bank_es_1538,Icbc (Europe),"Industrial And Commercial Bank Of China (Europe) S.A., Sucursal En España",1538,ICBKESMMXXX,"Ps. Recoletos, 3",,www.icbc.com.es,W0182368A,Madrid,28004,912168888,1,base.state_es_m,base.es
res_bank_es_1539,Bigbank As Cons,"Bigbank As Consumer Finance, Sucursal En España",1539,,"Cl. Orense, 81","Pl. 3, Pta. 1",info@bigbank.es,W0531072G,Madrid,28020,0,1,base.state_es_m,base.es
res_bank_es_1541,Attijariwafa Ba,"Attijariwafa Bank Europe, Sucursal En España",1541,,"Cl. Bravo Murillo, 210",,,W0017314F,Madrid,28020,915632775,1,base.state_es_m,base.es
res_bank_es_4320,Tabimed,"Tasaciones De Bienes Mediterraneo, S.A.",4320,,"Cl. Artes Graficas, 7",,,A03232329,Alicante,3008,965901400,1,base.state_es_a,base.es
res_bank_es_4323,Krata,"Krata, S.A.",4323,,"Ps. De Las Delicias, 5",Pl. 2 Izda.,www.krata.com,A41176934,Sevilla,41013,954213254,1,base.state_es_se,base.es
res_bank_es_4327,Intervalora,"Intertecnica De Valoraciones Y Patrimonios, S.A.",4327,,"Cl. Padre Damian, 42",Pl. 6 - Izda.,,A82351149,Madrid,28036,913431690,1,base.state_es_m,base.es
res_bank_es_4328,Intraser,"Internacional De Transacciones Y Servicios, S.A. (Intraser)",4328,,"Cl. Jacometrezo, 15",Pl. 6,www.intraser.com,A78283223,Madrid,28013,915416744,1,base.state_es_m,base.es
res_bank_es_4337,Valtecsa,"Valtec, S.A.",4337,,"Cl. Rios Rosas, 11",Planta Baja,,A78330768,Madrid,28003,915713300,1,base.state_es_m,base.es
res_bank_es_4349,Zehazki,"Zehazki, S.A.",4349,,"Cl. Javier Barcaiztegui, 19",Entresuelo C,,A20088720,San Sebastian,20010,943471751,1,base.state_es_ss,base.es
res_bank_es_4350,Valmesa,"Valoraciones Mediterraneo, S.A.",4350,,"Ur. Barrina Norte, 36",Edificio Valmesa,www.valmesa.es,A03319530,Benidorm,3502,965863511,1,base.state_es_a,base.es
res_bank_es_4358,Tasa,"Tasaciones Andaluzas, S.A.",4358,,"Ps. Almeria, 69",Pl. 5,www.tasacionesand.es,A04100673,Almeria,4001,950237444,1,base.state_es_al,base.es
res_bank_es_4359,Inmoseguros,"Inmoseguros Tasacion, S.A.",4359,,"Cl. Pedro Muñoz Seca, 4",Pl. 5,,A78966157,Madrid,28001,914263823,1,base.state_es_m,base.es
res_bank_es_4363,Gral. Valorac.,"General De Valoraciones, S.A.",4363,,"Cl. Ardales, 3",,,A29254935,Madrid,28023,913573884,1,base.state_es_m,base.es
res_bank_es_4367,Gti,"Gabinete De Tasaciones Inmobiliarias, S.A.",4367,,"Cl. Rafael Herrera, 11",Bajo,www.gtisa.es,A79164919,Madrid,28036,913789750,1,base.state_es_m,base.es
res_bank_es_1238,"Banint,Or","Banco Internacional, S.A.",1238,BIMEESM1XXX,"Cl. Serrano, 23",Pl. 8,,N4121054C,Madrid,28001,915750921,1,base.state_es_m,base.es
res_bank_es_1251,Privatbank Ihag,Privatbank Ihag Zürich,1251,IHZUES21XXX,"Av. Clemente Diaz Ruiz, 10",,,N0391069B,Fuengirola,29640,952466568,1,base.state_es_ma,base.es
res_bank_es_1260,"Nordea Bank,Sa","Nordea Bank, S.A.",1260,,". Centro Comercial Plaza, Ofic., 0",,,N0081049I,Nueva Andalucia- Marbella,29660,952816925,1,base.state_es_ma,base.es
res_bank_es_1267,Nykredit,Nykredit Realkredit A/S,1267,,". Centro Comercial Plaza, Local, 26",,,N0081361H,Nueva Andalucia - Marbella,29660,952905150,1,base.state_es_ma,base.es
res_bank_es_1272,Bankhaus Jungho,Bankhaus Jungholz Ag,1272,,"Cl. Marques De Campo, 16",Pl. 4,,N0391580H,Denia,3700,966431991,1,base.state_es_a,base.es
res_bank_es_1274,Swedbank,"Swedbank, S.A.",1274,,"Av. Manolete, 0",C.Comerc.Plaza Of.16,,W1181054F,Marbella,29660,0,1,base.state_es_ma,base.es
res_bank_es_1277,Bancolombia,"Bancolombia, S.A.",1277,,"Ps. De La Castellana, 134",Pl. 1 Dcha,,N4801058A,Madrid,28046,915216666,1,base.state_es_m,base.es
res_bank_es_1282,"B.Guayaquil,Sa","Banco De Guayaquil, S.A.",1282,,"Cl. Pedro Teixeira, 8",,,N5001053G,Madrid,28020,914179302,1,base.state_es_m,base.es
res_bank_es_1246,Vivibanco,"Primer Banco Ahorro Y Prestamo Vivienda Familiar, S.A. (Vivibanco)",1246,,"Av. Gran Via Carlos Iii, 94","Pl. 5, 1 - Ed. Trade",,N4161003A,Barcelona,8028,934900847,1,base.state_es_b,base.es
res_bank_es_1247,Smbc,Sumitomo Mitsui Banking Corporation,1247,,"Cl. Villanueva, 12",Pl. 1 - B,,N7321216I,Madrid,28001,915766196,1,base.state_es_m,base.es
res_bank_es_1249,Norwich,Norwich And Peterborough Building Society,1249,NPBSES21XXX,"Cl. Pirandello, 16",Pl 5,,B11461936,Malaga,29010,952345400,1,base.state_es_ma,base.es
res_bank_es_1255,Aareal Bank Ag,Aareal Bank Ag,1255,AARBESM1XXX,"Ps. De La Castellana, 60",Pl. 4D,,N0042512D,Madrid,28046,917000850,1,base.state_es_m,base.es
res_bank_es_1275,Dekabank,Dekabank Deutsche Girozentrale,1275,,"Ps. De La Castellana, 141",Pl.8. Ed.Cuzco Iv,,W0043967I,Madrid,28046,915726693,1,base.state_es_m,base.es
res_bank_es_1280,Deutsche Hypoth,Deutsche Hypothekenbank (Actien- Gesellschaft),1280,,"Cl. Maria De Molina, 40",,,N0044213G,Madrid,28006,917452642,1,base.state_es_m,base.es
res_bank_es_1281,Landsbanki,"Landsbanki Luxembourg, S.A. (En Suspension De Pagos)",1281,,". Centro Comercial Plaza, 0","Pl. 1, Ofic. 4",,N0181060E,"Nueva Andalucia, Marbella",29660,952812890,1,base.state_es_ma,base.es
res_bank_es_1283,B. Pichincha,Banco Pichincha C.A.,1283,,"Cl. Alcala, 79",Local,,N5001054E,Madrid,28009,915488396,1,base.state_es_m,base.es
res_bank_es_1285,Itaú Bba,"Banco Itau Bba International, S.A.",1285,,"Cl. Pinar, 7",Pl. 2 Pta. Dcha.,,W0103158B,Madrid,28006,914186953,1,base.state_es_m,base.es
res_bank_es_1286,Bolivariano,Banco Bolivariano C.A.,1286,,"Cl. Lagasca, 73","Pl. 1, Oficina G",,N5001059D,Madrid,28001,914323486,1,base.state_es_m,base.es
res_bank_es_1287,Rbc Europe Limi,Rbc Europe Limited,1287,,"Cl. Calendula, 93","Miniparc Iii, Edif.E",,W4041220G,El Soto De La Moraleja,28109,917902400,1,base.state_es_m,base.es
res_bank_es_1000,Ico,Instituto De Credito Oficial,1000,ICROESMMXXX,"Ps. Del Prado, 4",,,Q2876002C,Madrid,28014,915921600,1,base.state_es_m,base.es
res_bank_es_0003,B. Depositos,"Banco De Depositos, S.A.",0003,BDEPESM1XXX,"Cl. Jose Ortega Y Gasset, 29",,,A07001027,Madrid,28006,914352175,1,base.state_es_m,base.es
res_bank_es_3179,C.R. De Alginet,"Caja Rural De Alginet, Sociedad Cooperativa Credito Valenciana",3179,CCRIES2A179,"Cl. Valencia, 13",,www.ruralvia.com,F46163598,Alginet,46230,961750400,1,base.state_es_v,base.es
res_bank_es_8825,Adquiera,"Adquiera Servicios Financieros E.F.C., S.A.",8825,,"Cl. Roger De Lauria, 24",Pl. 2,www.adquiera.es,A97784052,Valencia,46002,961974799,1,base.state_es_v,base.es
res_bank_es_8826,Deutsche Leasin,"Deutsche Leasing Iberica, E.F.C., S.A.",8826,,"Cl. Gran Via Les Corts Catalanes, 0",Pl. 11,,A84838200,Barcelona,8014,932988843,1,base.state_es_b,base.es
res_bank_es_1475,Cortal Consors,"Cortal Consors, Sucursal En España",1475,CCSEESM1XXX,"Cl. Ribera Del Loira, 28",,,W0012959C,Madrid,28042,912095050,1,base.state_es_m,base.es
res_bank_es_1477,R. B. Scotland,"The Royal Bank Of Scotland Plc, Sucursal En España",1477,,"Cl. Jose Ortega Y Gasset, 29",Pl. 5,www.rbos.es,W0066180A,Madrid,28006,914385100,1,base.state_es_m,base.es
res_bank_es_1479,Natixis,"Natixis, S.A., Sucursal En España",1479,NATXESMMXXX,"Ps. De Recoletos, 0",,,W0013055I,Madrid,28004,914319769,1,base.state_es_m,base.es
res_bank_es_1483,Bank Scotland,"Bank Of Scotland, Sucursal En España",1483,,"Ps. De La Castellana, 52",Pl. 3,,W0066568G,Madrid,28046,917454150,1,base.state_es_m,base.es
res_bank_es_1487,Toyota,"Toyota Kreditbank Gmbh, Sucursal En España",1487,,"Av. De Bruselas, 22",Arroyo De La Vega,,W0043045D,Alcobendas,28108,911513400,1,base.state_es_m,base.es
res_bank_es_1488,Pictet & Cie,"Pictet & Cie (Europe), S.A., Sucursal En España",1488,PICTESMMXXX,"Cl. Hermosilla, 11",,,W0032377D,Madrid,28001,915382500,1,base.state_es_m,base.es
res_bank_es_1525,Banque Chaabi,"Banque Chaabi Du Maroc, Sucursal En España",1525,BCDMESMMXXX,"Av. Del Doctor Arce, 35",,www.chaabibank.es,W0015442G,Madrid,28002,915630648,1,base.state_es_m,base.es
res_bank_es_1530,Sofinloc Instit,"Sofinloc Instituiçao Financeira De Credito, S.A., Sucursal En España",1530,,"Av. Menendez Pelayo, 67","Local 20, Pl. Baja",,W0104961H,Madrid,28009,915572300,1,base.state_es_m,base.es
res_bank_es_1533,Bmw Bank,"Bmw Bank Gmbh, Sucursal En España",1533,,"Av. De Burgos, 118",,,W0047044C,Madrid,28050,913350700,1,base.state_es_m,base.es
res_bank_es_0151,Jpmorgan Chase,"Jpmorgan Chase Bank National Association, Sucursal En España",0151,CHASESM3XXX,"Cl. Jose Ortega Y Gasset, 29",,,W4001407H,Madrid,28006,915161200,1,base.state_es_m,base.es
res_bank_es_0155,Banco Do Brasil,"Banco Do Brasil, S.A., Sucursal En España",0155,BRASESMMXXX,"Cl. Jose Ortega Y Gasset, 29",Pl. 1,,W5081021G,Madrid,28006,914232500,1,base.state_es_m,base.es
res_bank_es_0160,Tokyo-Mitsubish,"The Bank Of Tokyo-Mitsubishi Ufj, Ltd., Sucursal En España",0160,BOTKESMXXXX,"Cl. Jose Ortega Y Gasset, 29",Pl. 3,,W7321065J,Madrid,28006,914328500,1,base.state_es_m,base.es
res_bank_es_0161,Db-Trust Compan,"Deutsche Bank Trust Company Americas, Sucursal En España",0161,BKTRESM1XXX,"Ps. De La Castellana, 31",,,N4001091J,Madrid,28046,915387500,1,base.state_es_m,base.es
res_bank_es_0169,Nacion Argent.,"Banco De La Nacion Argentina, Sucursal En España",0169,NACNESMMXXX,"Cl. Nuñez De Balboa, 73",,,W5281004A,Madrid,28001,915763703,1,base.state_es_m,base.es
res_bank_es_1164,Espirito Santo,Espirito Santo Bank Of Florida,1164,ESBFESM1XXX,"Cl. Serrano, 88",,,N4001572I,Madrid,28006,914005009,1,base.state_es_m,base.es
res_bank_es_1168,Cuba,Banco Nacional De Cuba,1168,BNACESM1XXX,"Cl. Marceliano Santa Maria, 8",Pl. 5 Dcha.,bancubamad@telefónica.net,N4481005I,Madrid,28036,915646893,1,base.state_es_m,base.es
res_bank_es_1170,Standard Chart.,Standard Chartered Bank,1170,,"Cl. Pinar, 5",,,N0060668A,Madrid,28006,917437385,1,base.state_es_m,base.es
res_bank_es_1177,Cic Banques,Credit Industriel Et Commercial,1177,,"Cl. Marques De La Ensenada, 2",Pl. 3,,N0011186D,Madrid,28004,913103281,1,base.state_es_m,base.es
res_bank_es_1284,Schroder & Co.,Schroder & Co. Bank Ag,1284,,"Cl. Pedro De Valdivia, 14",Bajo,,N0391856B,Madrid,28006,915901291,1,base.state_es_m,base.es
res_bank_es_1290,Rbi,Raiffeisen Bank International Ag,1290,,"Cl. Principe De Vergara, 11",Pl. 4 C,,N0381457A,Madrid,28001,914316536,1,base.state_es_m,base.es
res_bank_es_1291,Mizuho Co. Bank,Mizuho Corporate Bank Nederland N.V.,1291,,"Cl. Orense, 34",Pl. 6,,N0034615E,Madrid,28020,915982905,1,base.state_es_m,base.es
res_bank_es_1293,Bim Sa,"Banque Internationale Pour Le Mali, S.A.",1293,,"Cl. Ronda De Segovia, 42",,,W2321004J,Madrid,28005,652539821,1,base.state_es_m,base.es
res_bank_es_1294,Banco Ganadero,"Banco Ganadero, S.A.",1294,,"Cl. Orense, 85",,,W5161047E,Madrid,28020,915006790,1,base.state_es_m,base.es
res_bank_es_1295,Paypal (Europe),"Paypal (Europe) S.Á.R.L. Y Cie, S.C.A.",1295,,"Av. De Europa, 4",,,N0181894G,Alcobendas,28108,917901000,1,base.state_es_m,base.es
res_bank_es_1296,Leeds Building,Leeds Building Society,1296,,"Av. De Aragon, 330","Pe.Mercedes, E.5,Pl3",,N8260357B,Madrid,28022,915625152,1,base.state_es_m,base.es
res_bank_es_1297,F. Van Lanschot,F. Van Lanschot Bankiers N.V.,1297,,"Cl. Las Hortensias(Nueva Andalucia, 29",Villa Ariadne,,N0033709G,Marbella,29660,952062630,1,base.state_es_ma,base.es
res_bank_es_1298,Soc.Gral.Marro,Societe Generale Marocaine De Banques,1298,,"Pz. Pablo Ruiz Picasso, 1",,,W2041130B,Madrid,28020,696921070,1,base.state_es_m,base.es
res_bank_es_1299,L.J. Carregosa,"Banco L.J. Carregosa, S.A.",1299,,"Cl. Hermosilla, 91",Pl. Bajo B,,N0105590D,Madrid,28001,914356230,1,base.state_es_m,base.es
res_bank_es_1300,Abn Amro Bank,Abn Amro Bank N.V.,1300,,"Av. Jose Banus Edf. Malaga, 0",Local 2B,,W0035709E,Marbella,29660,952908843,1,base.state_es_ma,base.es
res_bank_es_1310,Developp. Mali,"Banque De Developpement Du Mali, S.A.",1310,,"Cl. Cristobal Lopez Lupiañez, 11",,,W2321006E,Almeria,4006,671894819,1,base.state_es_al,base.es
res_bank_es_1312,Banque Privee,"Banque Privee Espirito Santo, S.A.",1312,,"Cl. Zurbano, 34","Pl. 2, Pta. Dr.",,N0106341A,Madrid,28010,0,1,base.state_es_m,base.es
res_bank_es_1313,Corpbanca,Corpbanca,1313,,"Cl. Velazquez, 94",Pl. 1,,N5121207D,Madrid,28006,917817010,1,base.state_es_m,base.es
res_bank_es_1314,Finan. Inter.,"Financiera Internacional, S.A. Compañia De Financiamiento",1314,,"Cl. Marques De Urquijo, 47","Pl. 7, Pta. B",,W4801140G,Madrid,28008,917817407,1,base.state_es_m,base.es
res_bank_es_9801,Isba,"Isba, Sociedad De Garantia Reciproca",9801,,"Cl. Genil, 30",Bajos,,V07066913,Palma,7009,971461250,1,base.state_es_pm,base.es
res_bank_es_1315,Svenska,"Svenska Handelsbanken, S.A.",1315,,". Centro Plaza, 0",Nueva Andalucia,,W0182450G,Marbella,29660,952817550,1,base.state_es_ma,base.es
res_bank_es_9806,Elkargi,"Elkargi, S.G.R.",9806,,"Ps. De Mikeletegi, 50",,,V20066411,San Sebastian,20009,943309060,1,base.state_es_ss,base.es
res_bank_es_9808,Sonagar,"Sociedad Navarra De Garantia Reciproca (Sonagar, S.G.R.)",9808,,"Cl. Arrieta, 21",,,V31096407,Pamplona,31002,948228513,1,base.state_es_na,base.es
res_bank_es_9811,Ceaval,"Centro De Avales Para La Industria Y La Edicion, S.G.R., En Liquidacion",9811,,"Cl. Jose Anselmo Clave, 2",Pl. 2,,V08695934,Barcelona,8002,933181941,1,base.state_es_b,base.es
res_bank_es_9813,Sogaval,Sociedad De Garantia Reciproca De La Comunitat Valenciana,9813,,"Cl. Amadeo De Saboya, 1",,www.sgr.es,V46168308,Valencia,46010,963391490,1,base.state_es_v,base.es
res_bank_es_9816,Sogarca,"Sociedad De Garantia Reciproca De Santander (Sogarca, S.G.R.)",9816,,"Cl. Bibliotecario Miguel Artigas, 6",Pl. 6 - 2,,A39030101,Santander,39007,942219413,1,base.state_es_s,base.es
res_bank_es_9818,Aval Madrid,"Aval - Madrid, S.G.R.",9818,,"Cl. Jorge Juan, 30",,,V28737526,Madrid,28001,915777270,1,base.state_es_m,base.es
res_bank_es_9819,Sogarpo,"S.G.R. De La Pequeña Y Mediana Empresa De Pontevedra Y Orense (Sogarpo, S.G.R.)",9819,,"Cl. Reconquista, 11",Bajo,www.sogarpo.es,V36622082,Vigo,36201,986228052,1,base.state_es_po,base.es
res_bank_es_9826,Sogarte,"Sociedad De Garantias De Canarias, Sociedad De Garantias Reciprocas, S.G.R. (Sogarte)",9826,,"Av. De Jose Manuel Guimera, 3","Edf.Urbis, Local 7-8",www.sogarte.org,V38032900,Santa Cruz De Tenerife,38003,922882648,1,base.state_es_tf,base.es
res_bank_es_9827,Undemur,"Union De Empresarios Murcianos, Sociedad De Garantia Reciproca (Undemur, S.G.R.)",9827,,"Av. Rio Segura, 10",Bajo,,V30048086,Murcia,30002,968355320,1,base.state_es_mu,base.es
res_bank_es_9828,Transaval,"Transaval, Sociedad De Garantia Reciproca",9828,,"Cl. Pensamiento, 27",Pl. 1,,V28747400,Madrid,28020,915715235,1,base.state_es_m,base.es
res_bank_es_9829,Asturgar,"Sociedad De Garantia Reciproca De Asturias (Asturgar, S.G.R.)",9829,,"Pq. Tecnologico De Asturias, 0",,,V33042623,Llanera,33420,985266768,1,base.state_es_o,base.es
res_bank_es_9832,Afigal,"Afianzamientos De Galicia, Sociedad De Garantia Reciproca (Afigal, S.G.R.)",9832,,"Cl. San Andres, 143",Pl. 4,,V15053754,A Coruña,15003,981216276,1,base.state_es_c,base.es
res_bank_es_9836,Avalunion,"Union Andaluza De Avales, Sociedad De Garantia Reciproca (Avalunion, S.G.R.)",9836,,"Pz. Poeta Luis Rosales, 1",Pl. 1,,A18032425,Granada,18009,958229222,1,base.state_es_gr,base.es
res_bank_es_9839,Suraval,"Sociedad De Garantia Reciproca De Andalucia (Suraval, S.G.R.)",9839,,"Av. De La Constitucion, 7",Pl. 1,www.suraval.es,G41132192,Sevilla,41004,954213553,1,base.state_es_se,base.es
res_bank_es_9840,Araval,"Avalia Aragon, Sociedad De Garantia Reciproca",9840,,"Cl. Coso, 33",Pl. 6,,A50101336,Zaragoza,50003,976229500,1,base.state_es_z,base.es
res_bank_es_9842,Sogapyme,"Sociedad De Avales De Canarias Sogapyme, Sociedad De Garantia Reciproca",9842,,"Cl. Albareda, 3",,,V35093822,Las Palmas De Gran Canaria,35007,928290046,1,base.state_es_gc,base.es
res_bank_es_9843,"Oinarri, Sgr","Oinarri, Sociedad De Garantia Para La Economia Social, S.G.R.",9843,,"Cl. Albert Einstein (Edif E-3)Pl.2, 25",Pq.Tecn.Alava-Miñano,,V01233527,Vitoria-Gasteiz,1510,945298280,1,base.state_es_vi,base.es
res_bank_es_9844,Extraval,Sociedad De Garantia Reciproca Extremeña De Avales,9844,,"Av. Santa Marina, 25",,,V06258321,Badajoz,6005,924260450,1,base.state_es_ba,base.es
res_bank_es_9845,Fianzas Sgr,"Fianzas Y Servicios Financieros, S.G.R.",9845,,"Cl. Rafael Salgado, 19",Pl. 3,www.fianzas-sgr.com,V81689473,Madrid,28036,915931206,1,base.state_es_m,base.es
res_bank_es_9846,"Iberaval, Sgr","Iberaval, Sociedad De Garantia Reciproca",9846,,"Cl. Santa Clara, 3",Pl. Bajo,,V09330796,Burgos,9002,983217753,1,base.state_es_bu,base.es
res_bank_es_9847,Avalis Sgr,"Avalis De Catalunya, S.G.R.",9847,,". Gran Via Les Corts Catalanes, 0",Pl. Baja,,V63201032,Barcelona,8014,932980260,1,base.state_es_b,base.es
res_bank_es_9848,Audiovisual,"Audiovisual Aval, S.G.R.",9848,,"Cl. Luis Buñuel, 2",Ciudad De La Imagen,,V84550359,Pozuelo De Alarcon,28223,915123048,1,base.state_es_m,base.es
res_bank_es_9849,"Aval C-Lm, Sgr","Aval Castilla-La Mancha, Sociedad De Garantia Reciproca",9849,,"Cl. Comercio, 44",Pl. 2,,V45720448,Toledo,45001,925283166,1,base.state_es_to,base.es
res_bank_es_9891,Cersa,"Compañia Española De Reafianzamiento, S.A.",9891,,"Ps. De La Castellana, 141",Pl. 1 - A,,A28721314,Madrid,28046,915718488,1,base.state_es_m,base.es
res_bank_es_1702,"Eurodivisas, Sa","Eurodivisas, S.A.",1702,,"Pz. De España, 3",,,A37310323,Fuentes De Oñoro,37480,923281318,1,base.state_es_sa,base.es
res_bank_es_1703,Airport Change,"Airport Change, S.A.",1703,,"Cl. Orense, 6",,,A80832231,Madrid,28020,915562045,1,base.state_es_m,base.es
res_bank_es_1704,Change Express,"Change Express, S.A.",1704,,". Gran Via, 16",,,A80375207,Madrid,28013,915234531,1,base.state_es_m,base.es
res_bank_es_1715,Savisa,Sociedad Anonima De Viajes Y Servicios De Autopista (Savisa),1715,,"Av. Catalunya, 12",El Portus,,A17125550,La Jonquera,17709,972554499,1,base.state_es_gi,base.es
res_bank_es_1719,Quick Change,"Quick Change, Sociedad Anonima (En Liquidacion)",1719,,"Pz. Alfereces Provisionales, 0","Ed. Tarajal, Ap. 404",,A38296117,Santa Cruz De Tenerife,38003,922220804,1,base.state_es_tf,base.es
res_bank_es_1763,Interchange,"Interchange Spain, S.A.",1763,,"Cl. Mayor, 15",,,A84496744,Madrid,28013,913697200,1,base.state_es_m,base.es
res_bank_es_1728,Assarf Chaabi,"Assarf Chaabi, S.A.",1728,,". Estacion Maritima, Ala Oeste, 0",,,A11396447,Algeciras,11207,956665630,1,base.state_es_ca,base.es
res_bank_es_1736,Master Envios,"Master Envios Unidos, S.A.",1736,,"Ps. De La Castellana, 171",Pl. 3 - Dcha.,www.masterenvios.es,A82072968,Madrid,28046,914251540,1,base.state_es_m,base.es
res_bank_es_1745,"Giroexpress, Sa","Giroexpress, S.A.",1745,,"Cl. Hermanos Garcia Noblejas, 39",Pl. 4 - C,,A82779695,Madrid,28037,911410200,1,base.state_es_m,base.es
res_bank_es_1757,Cbn Remittance,"Cbn Remittance Center, S.A.",1757,,"Cl. Pelayo, 56",Pl. 1 - 1,,A62685912,Barcelona,8001,934123952,1,base.state_es_b,base.es
res_bank_es_1782,Uni.De Cambios,"Universal De Cambios, S.A.",1782,,"Cl. Mesonero Romanos, 10",,,A85835569,Madrid,28013,915214857,1,base.state_es_m,base.es
res_bank_es_4301,Sdad. Tasacion,"Sociedad De Tasacion, S.A.",4301,,"Cl. Principe De Vergara, 43",,www.st-tasacion.es,A28808145,Madrid,28001,914360210,1,base.state_es_m,base.es
res_bank_es_4302,Th,"Tasaciones Hipotecarias, S.A.",4302,,"Cl. Maria De Molina, 54",Pl. 1,,A28806222,Madrid,28006,914549600,1,base.state_es_m,base.es
res_bank_es_4304,Tasiberica,"Tasiberica, S.A.",4304,,"Cl. Claudio Coello, 124",Pl. 8,,A28842045,Madrid,28006,917451008,1,base.state_es_m,base.es
res_bank_es_4305,Tasamadrid,"Tasaciones Madrid, S.A.",4305,,"Cl. Suero De Quiñones, 0",Pl. 6,www.tasamadrid.es,A28923324,Madrid,28002,917824670,1,base.state_es_m,base.es
res_bank_es_4307,Servatas,"Servicios Vascos De Tasaciones, S.A",4307,,"Cl. Bertendona, 4",Pl. 8,,A48159669,Bilbao,48008,944168411,1,base.state_es_bi,base.es
res_bank_es_4311,Valtecnic,"Valtecnic, S.A.",4311,,"Ps. De La Castellana, 161",Pl. 2,www.valtecnic.com,A28903920,Madrid,28046,915639904,1,base.state_es_m,base.es
res_bank_es_4313,Tinsa,"Tasaciones Inmobiliarias, S.A. (Tinsa)",4313,,"Cl. Jose Echegaray, 9",,www.tinsa.es,A78029774,Las Rozas,28230,913727500,1,base.state_es_m,base.es
res_bank_es_4315,Tecnitasa,"Tecnicos En Tasacion, S.A. (Tecnitasa)",4315,,"Av. De Europa, 26",Pl.2 Edif. Atica N.5,www.tecnitasa.com,A78116324,Pozuelo De Alarcon,28224,917823820,1,base.state_es_m,base.es
res_bank_es_6801,Western Union,Western Union Payment Services Ireland Limited (Red De Agentes),6801,,"Cl. Pinar, 7",Pl. 5,,N0072219I,Madrid,28006,914177100,1,base.state_es_m,base.es
res_bank_es_6803,Telefonica Reme,"Telefonica Remesas, S.A.",6803,,"Rd. De La Comunicacion, 0","Edf. Oeste 1, Pl.6",,A85739878,Madrid,28050,914827303,1,base.state_es_m,base.es
res_bank_es_4368,Cohispania,"Compañia Hispania De Tasaciones Y Valoraciones, S.A.",4368,,"Av. Europa, 34, Edificio B, 0",Pl. 3 Izquierda,www.cohispania.com,A79199287,Madrid,28023,913070035,1,base.state_es_m,base.es
res_bank_es_4381,Satasi,"Tasaciones Y Servicios Inmobiliarios, S.A.",4381,,"Cl. Juan De Ajuriaguerra, 19",,,A48238901,Bilbao,48009,944231305,1,base.state_es_bi,base.es
res_bank_es_4388,Euroval,"Eurovaloraciones, S.A.",4388,,"Pz. De La Constitucion, 2",,www.euroval.com,A03525508,San Juan,3550,902100367,1,base.state_es_a,base.es
res_bank_es_4392,Vth,"Valoraciones Y Tasaciones Hipotecarias, S.A.",4392,,"Av. Diagonal, 429",,,A79964136,Barcelona,8036,934961900,1,base.state_es_b,base.es
res_bank_es_4393,Vatpesa,"Vatpe, S.A.",4393,,"Pz. Colon, 13",,,A30290423,Lorca,30800,968442842,1,base.state_es_mu,base.es
res_bank_es_4400,T&C,"Tasaciones Y Consultoria, S.A.",4400,,"Cl. Esparza, 5",,,A31362833,Cizur Menor,31190,948174384,1,base.state_es_na,base.es
res_bank_es_4470,Barna-Tasa,"Barna-Tasa, S.A.",4470,,"Cl. Corcega, 168","Pl. 1, Pt. 1",,A60840543,Barcelona,8036,934100532,1,base.state_es_b,base.es
res_bank_es_4379,Gecopinsa,"Gecopinsa Tasaciones, S.A.",4379,,"Cl. Provenza, 277",Pl. 3,,A59084053,Barcelona,8037,932158888,1,base.state_es_b,base.es
res_bank_es_4383,Tasalia,"Tasalia Sociedad De Tasacion, S.A.",4383,,"Cl. Monseñor Palmer, 2",Local 4,,A07468663,Palma,7014,971728822,1,base.state_es_pm,base.es
res_bank_es_4403,Intasa,"Inta, Sociedad Anonima, Sociedad De Tasaciones",4403,,"Av. Ojos Negros, Parcela 41, 0",Pl 3ª,,A46471199,Sagunto - Puerto,46520,962681388,1,base.state_es_v,base.es
res_bank_es_4404,Arquitasa,"Arquitasa, Sociedad De Tasaciones De Los Colegios De Arquitectos De España, S.A.",4404,,"Av. Perez Galdos, 13","Pl. 1, Pta. 1",www.arquitasa.com,A59307777,Valencia,46007,963522503,1,base.state_es_v,base.es
res_bank_es_4406,Alia Tasaciones,"Alia Tasaciones, S.A.",4406,,"Av. Soria, 8",Plt. 2,,A80164643,Valladolid,47012,983362983,1,base.state_es_va,base.es
res_bank_es_4372,Murciana,"Murciana De Tasaciones, S.A.",4372,,"Cl. Cuatro Caminos, 33",Bajo-Carril Ruiperez,,A30207492,Murcia,30007,968249847,1,base.state_es_mu,base.es
res_bank_es_4416,Arco Valoracion,"Arco Valoraciones, S.A.",4416,,"Av. Primo De Rivera, 17",Entresuelo - D,,A30331144,Murcia,30008,968227111,1,base.state_es_mu,base.es
res_bank_es_4422,Ibertasa,"Ibertasa, S.A.",4422,,"Cl. Rodriguez Marin, 61",Pl. 1,www.ibertasa.com,A80381148,Madrid,28016,915613388,1,base.state_es_m,base.es
res_bank_es_4423,Gurruchaga,"Gurruchaga Tasaciones, S.A.",4423,,"Cl. Peñaflorida, 3",,,A20431268,San Sebastian,20004,943429250,1,base.state_es_ss,base.es
res_bank_es_4434,Tecglen Tasacio,"Tecglen Tasaciones, S.A.",4434,,". Carrer Josep Socias I Gradoli, 1",Pl. 7 - 2,,A07610785,Palma,7013,971725811,1,base.state_es_pm,base.es
res_bank_es_4440,Artasa,"Arquitectura Y Tasaciones, S.A.",4440,,"Cm. De Morgan, 0","Pl. 3, Dpto. 1 - 2",www.artasa.es,A48553036,Bilbao,48014,944751040,1,base.state_es_bi,base.es
res_bank_es_4444,Lks,"Lks Tasaciones, S.A.",4444,,"Cl. Goiru, 7",Polo Innov. Garaia,www.lkstasaciones.es,A48565311,Arrasate-Mondragon,20500,943712100,1,base.state_es_ss,base.es
res_bank_es_4448,Grupo Tasvalor,"Grupo Tasvalor, S.A.",4448,,"Cl. Manuel Tovar, 16",,www.tasvalor.com,A80639990,Madrid,28034,917283320,1,base.state_es_m,base.es
res_bank_es_3140,C.R.De Guissona,"Caja Rural De Guissona, Sociedad Cooperativa De Credito",3140,BCOEESMM140,"Cl. Traspalau, 8",,,F25014754,Guissona,25210,973550248,1,base.state_es_l,base.es
res_bank_es_1531,Credit Suisse I,"Credit Suisse International, Sucursal En España",1531,,"Cl. Ayala, 42",Pl. 3B,,W8260387I,Madrid,28001,917915907,1,base.state_es_m,base.es
res_bank_es_1532,Bnp Paribas Fac,"Bnp Paribas Factor, S.A. Sucursal En España",1532,,"Cl. Ribera Del Loira, 28",,,W0016167I,Madrid,28042,913888904,1,base.state_es_m,base.es
res_bank_es_4446,Afes,"Afes Tecnicas De Tasacion, S.A.",4446,,". Gran Via Marques Del Turia, 49","Pl. 6, Pta. 15",,A96220322,Valencia,46005,902052345,1,base.state_es_v,base.es
res_bank_es_4455,Gesvalt,"Gestion De Valoraciones Y Tasaciones, S.A.",4455,,"Cl. Alcala, 265","Bloque Ii, Pl. Baja",,A80884372,Madrid,28027,914576057,1,base.state_es_m,base.es
res_bank_es_4456,Risc Valor,"Risc Valor, S.A.",4456,,"Av. Josep Tarradellas, 0","Pl. 5, Pta. B",www.riscvalor.com,A60509650,Barcelona,8029,932182300,1,base.state_es_b,base.es
res_bank_es_4459,Thirsa,"Tasaciones Hipotecarias Renta, S.A.",4459,,"Cl. Jorge Juan, 45",Pl. Baja,,A80962541,Madrid,28001,915400633,1,base.state_es_m,base.es
res_bank_es_4462,Catsa,"Col.Lectiu Arquitectes Taxadors, S.A.",4462,,"Cl. Diputacion, 337",Local Bajos,www.catsa.com,A60691946,Barcelona,8009,902152772,1,base.state_es_b,base.es
res_bank_es_4474,Sivasa,"Sociedad Integral De Valoraciones Automatizadas, S.A.",4474,,"Pz. Manuel Gomez Moreno, 2",,www.sivasa.es,A81222127,Madrid,28020,914315858,1,base.state_es_m,base.es
res_bank_es_4488,Cms Tasacion,"Compañia De Medios Y Servicios De Tasacion, S.A.",4488,,"Av. San Francisco Javier, 22",Ed. Cat.Occ. 428-429,https://cmstasacion.ciams.es,A91042424,Sevilla,41018,954641176,1,base.state_es_se,base.es
res_bank_es_4489,Valencia Terra,"Valencia Terra Vt Sociedad De Tasaciones Inmobiliarias, S.A.",4489,,"Av. Marques De Sotelo, 4",Pl. 4,,A97215925,Valencia,46002,963511125,1,base.state_es_v,base.es
res_bank_es_4491,Global Tasacion,"Global Gestion De Tasaciones, S.A.",4491,,"Cl. Vicente Alanis, 1",Bajo,,A91250209,Sevilla,41008,954988660,1,base.state_es_se,base.es
res_bank_es_4494,"Tasasur,Sa","Tasasur Sociedad De Tasaciones, S.A.",4494,,"Av. Ronda De Los Tejares, 21",Pl.1,www.tasasur.com,A14718183,Cordoba,14008,954296820,1,base.state_es_co,base.es
res_bank_es_4495,"Ebrotasa, S.A.","Ebrotasa, S.A.",4495,,"Cl. San Lorenzo, 30",Bajo B,,A99160111,Zaragoza,50001,976484830,1,base.state_es_z,base.es
res_bank_es_4496,Tasamar,"Tasaciones Del Marco De España, Sociedad Anonima",4496,,"Av. De Europa S/N. Edificio 5, 0",Urb. Entre Parques,www.tasamar.es,A11860905,Jerez De La Frontera,11405,956318492,1,base.state_es_ca,base.es
res_bank_es_4497,Thader,"Thader Valoraciones, S.A.",4497,,"Av. Principal, 0","Edif. Argos, 3 A",,A73598096,Pol. Ind. Oeste - Murcia,30169,968938971,1,base.state_es_mu,base.es
res_bank_es_4498,Inst.Valor,"Instituto De Valoraciones, S.A.",4498,,"Av. Europa -Comp. Emp. Atica-, 26","Ed. 5,Pl.3 Izda",www.ivaloraciones.com,A85872646,Pozuelo De Alarcon,28224,917159446,1,base.state_es_m,base.es
res_bank_es_4499,"Aesval, Logica","Aesval, Logica De Valoraciones, S.A.",4499,,"Cl. Fruela, 12","Pl.1, 1 Y 2",www.aesval.es,A74290461,Oviedo,33007,985207640,1,base.state_es_o,base.es
res_bank_es_4630,Cbre Valuation,"Cbre Valuation Advisory, S.A.",4630,,"Pz. Pablo Ruiz Picasso, 0",Edif. Torre Picasso,,A85490217,Madrid,28020,915981900,1,base.state_es_m,base.es
res_bank_es_4631,Uve Valoracione,"Uve Valoraciones, S.A.",4631,,"Cl. Marques De La Ensenada, 16","Pl. Club, Of. 24",,A86224169,Madrid,28004,917024599,1,base.state_es_m,base.es
res_bank_es_4632,Aguirre Newman,"Aguirre Newman Valoraciones Y Tasac Iones, S.A.",4632,,"Cl. General Lacy, 23",,asesores@aguirrenewman.es,A86317567,Madrid,28045,913191314,1,base.state_es_m,base.es
res_bank_es_6802,Comercia Global,"Comercia Global Payments, Entidad De Pago, S.L.",6802,,"Cl. Provençals, 39",Torre Pujades,,B65466997,Barcelona,8019,639928027,1,base.state_es_b,base.es
res_bank_es_6806,Mundial Money,"Mundial Money Transfer, S.A.",6806,,"Cl. Santa Engracia, 141",Pl. 1 - 1,,A78697281,Madrid,28003,915360694,1,base.state_es_m,base.es
res_bank_es_6810,Herbon Envios,"Herbon Envios, E.P., S.A.",6810,,"Cl. Arboleda, 14",,,A85355865,Madrid,28031,913328268,1,base.state_es_m,base.es
res_bank_es_6812,"Money Exchange,","Money Exchange, S.A.",6812,,"Ps. Santa Maria De La Cabeza, 10",,www.moneyspain.com,A81105132,Madrid,28045,915399808,1,base.state_es_m,base.es
res_bank_es_6814,Monty Global,"Monty Global Payments, S.A.",6814,MNTYESMMXXX,"Ct. De San Vicente, 4",,www.montyglobal.com,A83949222,Madrid,28008,917011280,1,base.state_es_m,base.es
res_bank_es_6815,Moneyone Expres,"Moneyone Express Financial, S.A.",6815,,"Ps. De La Castellana, 21",Semisotano Dcha.,,A85403830,Madrid,28046,915778258,1,base.state_es_m,base.es
res_bank_es_6816,Cambitur Inter.,"Cambitur International, S.A.",6816,,"Cl. Obispo Salvador De Los Reyes, 0",Oficina 1,,A29613957,Malaga,29013,951089907,1,base.state_es_ma,base.es
res_bank_es_6817,American Expres,"American Express Foreign Exchange, S.A.",6817,,"Cl. Juan Ignacio Luca De Tena, 17",,,A82461989,Madrid,28027,915720303,1,base.state_es_m,base.es
res_bank_es_6818,Santanderenvios,"Santander Envios, S.A.",6818,,"Av. De Cantabria, 0","Edificio Pinar, Pl.1",www.santanderenvios.com,A80997877,Boadilla Del Monte,28660,912574999,1,base.state_es_m,base.es
res_bank_es_6819,Lefer Transfer,"Lefer Transfer, S.A.",6819,,"Cl. Sicilia, 0",,,A64048192,Barcelona,8013,902183018,1,base.state_es_b,base.es
res_bank_es_6820,Choice Money,"Choice Money Transfer España, S.A.",6820,,"Ps. De La Castellana, 171","Pl. 3, Pta. Izda.",www.choicemoneytransfer.es,A85642130,Madrid,28046,914251540,1,base.state_es_m,base.es
res_bank_es_6821,Diners Club,"Diners Club Spain, S.A.",6821,,"Av. De Europa, 19","Edf. 3, Pl. 1",www.dinersclub.es,A28007813,Pozuelo De Alarcon,28224,912114311,1,base.state_es_m,base.es
res_bank_es_6822,Bbva Dinero,"Bbva Dinero Express, S.A.",6822,,"Pz. Santa Barbara, 1",,www.bbvadineroexpress.com,A83439893,Madrid,28004,913744686,1,base.state_es_m,base.es
res_bank_es_6823,"Telegiros, S.A.","Telegiros, S.A.",6823,,"Rd. General Mitre, 42",Local,,A61752549,Barcelona,8017,935442374,1,base.state_es_b,base.es
res_bank_es_6824,Small World,"Small World Financial Services Spain, S.A.",6824,,"Ps. Del Club Deportivo, 1","Edf. 13, Pl. Baja",,A82414046,Pozuelo De Alarcon,28223,917581770,1,base.state_es_m,base.es
res_bank_es_6825,United Europhil,"United Europhil Ep, S.A.",6825,,"Cl. Gran Via, 62","Pl. 4, Pta. Dcha",,A79219358,Madrid,28013,914200253,1,base.state_es_m,base.es
res_bank_es_6826,Austrogiros,"Austrogiros Entidad De Pago, S.A.",6826,,"Cl. Virgen De Nieva, 1",Local,,A85508455,Madrid,28003,918298279,1,base.state_es_m,base.es
res_bank_es_6828,I Transfer,"I Transfer Money Movers Ep, S.A.",6828,,"Cl. Nieremberg, 29",Pl. Baja,,A41681545,Madrid,28002,915025800,1,base.state_es_m,base.es
res_bank_es_6831,Maccorp,"Maccorp Exact Change, S.A.",6831,,"Cl. Orense, 6",,exact-transfer.com,A79182788,Madrid,28020,915562045,1,base.state_es_m,base.es
res_bank_es_6835,Transfamerica,"Transferencias America, S.A.",6835,,"Cl. Oca, 56",,,A85565265,Madrid,28025,914627362,1,base.state_es_m,base.es
res_bank_es_6840,Moneytrans,"Moneytrans World Entidad De Pago, S.A.",6840,,"Cl. La Union, 16",,www.moneytrans.es,A92667732,Malaga,29006,952055806,1,base.state_es_ma,base.es
res_bank_es_6843,Sigue Global,"Sigue Global Services Spain, S.A.",6843,,"Cl. Bravo Murillo, 125","Pl. 1, Pta. A",,A84285071,Madrid,28020,915359851,1,base.state_es_m,base.es
res_bank_es_6845,Titanes,"Titanes Telecomunicaciones, Sociedad Anonima",6845,,"Cl. Ramon Y Cajal, 0",,www.grupotitanes.com,A50968460,Zaragoza,50003,976210654,1,base.state_es_z,base.es
res_bank_es_6849,Easy Remittance,"Easy Remittance, S.A.",6849,,"Cl. Garcia De Paredes, 84",Bajo,,A85785905,Madrid,28010,915189166,1,base.state_es_m,base.es
res_bank_es_6804,American Expres,"American Express Payment Services Limited, Sucursal En España",6804,,"Cl. Juan Ignacio Luca De Tena, 17",,,W8261677B,Madrid,28027,917437434,1,base.state_es_m,base.es
res_bank_es_6807,Safe Interenvio,"Safe Interenvios, S.A.",6807,,"Cl. Jeronima Llorente, 0",,www. safeinterenvios.com,A82443433,Madrid,28039,913353050,1,base.state_es_m,base.es
res_bank_es_6808,Fenixtransfers,"Fenixtransfers Entidad De Pago, S.A.",6808,,"Cl. Urzaiz, 53",Bajo,www.fenixtransfers.com,A36515864,Vigo,36201,986436199,1,base.state_es_po,base.es
res_bank_es_6809,Nec Money Trans,"Nec Money Transfer Entidad De Pago, Sociedad Anonima",6809,,"Cl. Amparo, 83",Local,,A86017258,Madrid,28012,914680237,1,base.state_es_m,base.es
res_bank_es_6813,Trans Fast,"Trans Fast Financial Services, S.A.",6813,,"Cl. Batalla Del Salado, 24",Bajo,www.trans-fast.eu,A83085217,Madrid,28045,915278558,1,base.state_es_m,base.es
res_bank_es_6827,Money Exp.Trans,"Money Express Transfer, S.A.",6827,,"Ps. De Las Acacias, 3","Pl. 1, Pta. A",www.metmoney.es,A60538832,Madrid,28005,915179711,1,base.state_es_m,base.es
res_bank_es_6829,Facil Envios Ep,"Facil Envios Entidad De Pago, S.A.",6829,,"Cl. Puerto De Los Leones, 2","Pl. 1, Pta. 1",,A85290344,Majadahonda,28220,916362517,1,base.state_es_m,base.es
res_bank_es_6830,"Bansamex, S.A.","Bansamex, S.A.",6830,,"Cl. Juan Ignacio Luca De Tena, 17",,,A80394075,Madrid,28027,917437189,1,base.state_es_m,base.es
res_bank_es_6832,Bpi Express,"Bpi Express Remittance Spain, S.A.",6832,,"Cl. Joaquin Costa, 50",Bajos,,A60912508,Barcelona,8001,933011537,1,base.state_es_b,base.es
res_bank_es_6833,Metro-Remittanc,"Metro-Remittance (Spain), S.A.",6833,,"Cl. Tiziano, 6",Local,,A83456905,Madrid,28020,915708749,1,base.state_es_m,base.es
res_bank_es_6834,Latin Travel,"Latin Travel Money Transfer, S.A.",6834,,"Cl. Juan Pantoja, 19",,,A83643866,Madrid,28039,915343120,1,base.state_es_m,base.es
res_bank_es_6836,Jet Peru,"Jet Peru Money Transfer, S.A.",6836,,"Cl. Reina Victoria, 18",,,A82371279,Madrid,28003,914451272,1,base.state_es_m,base.es
res_bank_es_6837,American Expres,"American Express Card España, S.A.",6837,,"Cl. Juan Ignacio Luca De Tena, 17",,,A82628041,Madrid,28027,917437189,1,base.state_es_m,base.es
res_bank_es_6839,Safetypay,"Safetypay Europe Entidad De Pago, S.A.",6839,,"Cl. Genova, 10",Pl. 4,www.safetypay.com,A86250552,Madrid,28004,902006908,1,base.state_es_m,base.es
res_bank_es_6841,Moneygram Paym,"Moneygram Payment Systems Spain, S.A.",6841,,"Pz. Carlos Trias Bertran, 4",Pl. 1,,A83064253,Madrid,28020,914188900,1,base.state_es_m,base.es
res_bank_es_6842,Ria Payment,"Ria Payment Institution, Ep, S.A.",6842,,"Cl. Cantabria, Edf. Amura, 2","Pl. 2, Pta. 1-A",,A80696792,Alcobendas,28108,917613760,1,base.state_es_m,base.es
res_bank_es_6844,Cerro Catedral,"Cerro Catedral Entidad De Pago, S.A.",6844,,"Cl. Girona, 164","Bajos, Local 3",www.cerrocat.com,A64320070,Barcelona,8037,934577287,1,base.state_es_b,base.es
res_bank_es_6846,Click Transfer,"Click Transfer, S.A.",6846,,"Cl. Hermosilla, 22",Suite 2E,,A85809291,Madrid,28001,913197979,1,base.state_es_m,base.es
res_bank_es_6848,Tempus Uk Ltd.,"Tempus Uk Ltd., Sucursal En España",6848,,"Cl. Celestino Junquera, 2, 0",Edf. San Miguel,tempus-uk.com/es/aboutus.html,W8262532H,Gijon,33202,984491452,1,base.state_es_o,base.es
res_bank_es_6805,Unitransmoney,"Universal Transfer Money On, S.A.",6805,,"Cl. Bravo Murillo, 221",Bajo Derecha,,A85149813,Madrid,28020,915707126,1,base.state_es_m,base.es
res_bank_es_6838,Change Center E,"Change Center Entidad De Pago, S.A.",6838,,"Pz. Costa Del Sol- Ed. Entreplazas, 10",Entrepl. Of. 2 - 144,www.change-center.com,A29484409,Torremolinos,29620,952389600,1,base.state_es_ma,base.es
res_bank_es_6811,Ncb Internation,"Jcb International (Europe) Limited, Sucursal En España",6811,,"Cl. Calendula, 93","Edf. E, Minipark Iii",,W0069180H,Soto Moraleja - Alcobendas,28109,917912972,1,base.state_es_m,base.es
res_bank_es_6847,Mondial Bony,"Mondial Bony Service, S.R.L., Sucursal En España",6847,,"Cl. Artistas, 19","Pl. Lc, Pta. 4",www.mondialbonyservice.it,W8262355D,Madrid,28020,915985813,1,base.state_es_m,base.es
res_bank_es_1484,Mbna,"Mbna Europe Bank Limited, Sucursal En España",1484,,"Cl. Jose Echegaray, 6",,,W0066659D,Las Rozas,28230,912714000,1,base.state_es_m,base.es
res_bank_es_1259,Wesimm,Westdeutsche Immobilienbank Ag,1259,,"Cl. Serrano, 37",Pl. 5,,N0301680E,Madrid,28001,914328032,1,base.state_es_m,base.es
res_bank_es_1261,Lgt Bank,Lgt Bank (Schweiz) Ag,1261,,"Cl. Claudio Coello, 88",Pl 1,,N0391292J,Madrid,28006,917816299,1,base.state_es_m,base.es
res_bank_es_1311,Privatbank,As Privatbank,1311,,"Cl. Belmonte De Tajo, 61",Planta Baja,www.privatbank.lv,N0541013I,Madrid,28019,912252452,1,base.state_es_m,base.es
res_bank_es_0030,Banesto,"Banco Español De Credito, S.A.",0030,ESPCESMMXXX,"Av. Gran Via De Hortaleza, 3",,www.banesto.es  www.ibanesto.com,A28000032,Madrid,28033,913381000,1,base.state_es_m,base.es
res_bank_es_0031,Etcheverria,"Banco Etcheverria, S.A.",0031,ETCHES2GXXX,". Canton Claudino Pita, 2",,www.bancoetcheverria.es,A15011885,Betanzos,15300,981220042,1,base.state_es_c,base.es
res_bank_es_0036,Santander Inv.,"Santander Investment, S.A.",0036,SABNESMMXXX,"Av. De Cantabria, 0",Ciudad Gr. Santander,,A08161507,Boadilla Del Monte,28660,912893400,1,base.state_es_m,base.es
res_bank_es_0038,Banesto Emision,"Banesto Banco De Emisiones, S.A.",0038,,"Av. Gran Via De Hortaleza, 3",,,A28027274,Madrid,28043,913383743,1,base.state_es_m,base.es
res_bank_es_0125,Bancofar,"Bancofar, S.A.",0125,BAOFESM1XXX,"Cl. Fortuny, 51",,www.bancofar.es,A45002599,Madrid,28010,917023190,1,base.state_es_m,base.es
res_bank_es_0130,B. Caixa Geral,"Banco Caixa Geral, S.A.",0130,CGDIESMMXXX,"Cl. Policarpo Sanz, 5",,www.bancocaixageral.es,A28226157,Vigo,36202,986810700,1,base.state_es_po,base.es
res_bank_es_0133,Micro Bank,"Nuevo Micro Bank, S.A.",0133,MIKBESB1XXX,"Cl. Juan Gris - Torre Centro, 0",Comple. Torres Cerda,www.microbanklacaixa.com,A65619421,Barcelona,8014,932813750,1,base.state_es_b,base.es
res_bank_es_0136,Aresbank,"Aresbank, S.A.",0136,AREBESMMXXX,"Ps. De La Castellana, 257",,www.aresbank.es,A28386191,Madrid,28046,913149595,1,base.state_es_m,base.es
res_bank_es_0138,Bankoa,"Bankoa, S.A.",0138,BKOAES22XXX,"Av. De La Libertad, 5",,www.bankoa.es,A20043717,San Sebastian,20004,943410100,1,base.state_es_ss,base.es
res_bank_es_0142,Bankpime,"Banco De La Pequeña Y Mediana Empresa, S.A.",0142,,"Cl. Pedro I Pons, 0",,www.bankpymenet.com,A08515157,Barcelona,8034,933163333,1,base.state_es_b,base.es
res_bank_es_0188,Banco Alcala,"Banco Alcala, S.A.",0188,ALCLESMMXXX,"Cl. Goya, 23",,www.bancoalcala.es,A79074274,Madrid,28001,914310976,1,base.state_es_m,base.es
res_bank_es_0198,Cooperativo,"Banco Cooperativo Español, S.A.",0198,BCOEESMMXXX,"Cl. Virgen De Los Peligros, 4",,www.ruralvia.com/bancocooperativo/,A79496055,Madrid,28013,915956700,1,base.state_es_m,base.es
res_bank_es_0200,Privat Bank,"Privat Bank Degroof, S.A.",0200,PRVBESB1XXX,"Av. Diagonal, 464",,www.privatbank.es,A58891672,Barcelona,8006,934458500,1,base.state_es_b,base.es
res_bank_es_0211,Ebn Banco,"Ebn Banco De Negocios, S.A.",0211,PROAESMMXXX,"Ps. De Recoletos, 29",,www.ebnbanco.com,A28763043,Madrid,28004,917009800,1,base.state_es_m,base.es
res_bank_es_0216,"Targobank, S.A.","Targobank, S.A.",0216,POHIESMMXXX,"Cl. Jose Ortega Y Gasset, 29",Pl. 3ª,www.targobank.es,A79223707,Madrid,28006,915902500,1,base.state_es_m,base.es
res_bank_es_0219,Marocaine Co Ex,"Banque Marocaine Du Commerce Exterieur International, S.A.",0219,BMCEESMMXXX,"Cl. Serrano, 59",,,A80754781,Madrid,28006,915756800,1,base.state_es_m,base.es
res_bank_es_0220,Finantia,"Banco Finantia Sofinloc, S.A.",0220,FIOFESM1XXX,"Av. Menendez Pelayo, 67",,www.bfs.es.,A80762941,Madrid,28009,915572300,1,base.state_es_m,base.es
res_bank_es_0223,Ge Money Bank,"General Electric Capital Bank, S.A.",0223,GEECESB1XXX,"Cl. Llull, 0",Pl. 4,www.gemoneybank.es,A08149007,Barcelona,8005,934005900,1,base.state_es_b,base.es
res_bank_es_0224,Santander Consu,"Santander Consumer Finance, S.A.",0224,SCFBESMMXXX,"Av. De Cantabria, 0",Ciudad Gr. Santander,www.santanderconsumerfinance.es,A28122570,Boadilla Del Monte,28660,912574930,1,base.state_es_m,base.es
res_bank_es_0225,Banco Cetelem,"Banco Cetelem, S.A.",0225,FIEIESM1XXX,"Cl. Retama, 3",Pl. 3-2,www.bancocetelem.es,A78650348,Madrid,28045,913370700,1,base.state_es_m,base.es
res_bank_es_0226,Ubs Bank,"Ubs Bank, S.A.",0226,UBSWESMMXXX,"Cl. Maria De Molina, 4",,www.ubs.es,A82356049,Madrid,28006,917457000,1,base.state_es_m,base.es
res_bank_es_2421,La General,Caja General De Ahorros De Granada,2421,,"Av. Fernando De Los Rios, 6",,www.cajagranada.es,G18000802,Granada,18006,958244500,1,base.state_es_gr,base.es
res_bank_es_2419,Unnim,"Caixa D'Estalvis Unio De Caixes De Manlleu, Sabadell I Terrassa",2419,,"Pz. Cataluña, 9",Pl. 6-7,www.unnim.es,G65345886,Barcelona,8002,937397000,1,base.state_es_b,base.es
res_bank_es_2420,Ibercaja,"Caja De Ahorros Y Monte De Piedad De Zaragoza, Aragon Y Rioja (Ibercaja)",2420,,"Pz. Basilio Paraiso, 2",,www.ibercaja.es,G50000652,Zaragoza,50008,976767676,1,base.state_es_z,base.es
res_bank_es_2426,Unicaja,"Monte De Piedad Y Caja De Ahorros De Ronda, Cadiz, Almeria, Malaga, Antequera Y Jaen (Unicaja)",2426,,"Av. De Andalucia, 0",,www.unicaja.es,G93040566,Malaga,29007,952138000,1,base.state_es_ma,base.es
res_bank_es_3005,C.R. Central,"Caja Rural Central, Sociedad Cooperativa De Credito",3005,BCOEESMM005,"Cl. Jose Maria Sarget, 29",,www.ruralcentral.es,F03014677,Orihuela,3300,966740001,1,base.state_es_a,base.es
res_bank_es_3007,C.R. De Gijon,"Caja Rural De Gijon, Cooperativa De Credito",3007,BCOEESMM007,"Ps. Infancia, 10",,www.ruralvia.com/gijon,F33604455,Gijon,33207,985180401,1,base.state_es_o,base.es
res_bank_es_3008,C.R. De Navarra,"Caja Rural De Navarra, S. Coop. De Credito",3008,BCOEESMM008,"Pz. De Los Fueros, 1",,www.ruralvia.com/navarra,F31021611,Pamplona,31003,948168100,1,base.state_es_na,base.es
res_bank_es_3017,Caja Soria,"Caja Rural De Soria, Sociedad Cooperativa De Credito",3017,BCOEESMM017,"Cl. Diputacion, 1",,www.ruralvia.com/soria,F42001255,Soria,42002,975212840,1,base.state_es_so,base.es
res_bank_es_3018,C.R.R.S.Agustin,"Caja Rural Regional San Agustin Fuente Alamo Murcia, Sociedad Cooperativa De Credito",3018,BCOEESMM018,". Gran Via, 1",,www.ruralregional.es,F30603476,Fuente Alamo,30320,968597211,1,base.state_es_mu,base.es
res_bank_es_3022,Caja Cega,"Caja Rural De Fuentepelayo, Sociedad Cooperativa De Credito",3022,,"Pz. Fuente, 12",,www.cajarural.com/rurales/3022,F40052029,Fuentepelayo,40260,921574053,1,base.state_es_sg,base.es
res_bank_es_3025,C. D'Enginyers,"Caixa De Credit Dels Enginyers- Caja De Credito De Los Ingenieros, S. Coop. De Credito",3025,CDENESBBXXX,". Via Layetana, 39",,www.caja-ingenieros.es,F08216863,Barcelona,8003,933106000,1,base.state_es_b,base.es
res_bank_es_3063,C.R. De Cordoba,"Caja Rural De Cordoba, Sociedad Cooperativa De Credito",3063,BCOEESMM063,"Rd. Los Tejares, 36",,www.ruralvia.com/cordoba,F14012892,Cordoba,14008,957211800,1,base.state_es_co,base.es
res_bank_es_3067,C.R. Jaen,"Caja Rural De Jaen, Barcelona Y Madrid, Sociedad Cooperativa De Credito",3067,BCOEESMM067,"Cl. El Condado, Manzana 23, 0",Pq. C. Tecno. Geolit,www.ruralvia.com/jaen,F23009145,Mengibar,23620,953210100,1,base.state_es_j,base.es
res_bank_es_3080,C.R. De Teruel,"Caja Rural De Teruel, Sociedad Cooperativa De Credito",3080,BCOEESMM080,"Pz. Carlos Castel, 14",,www.cajarural.com/teruel/       home.html,F44002756,Teruel,44001,978617100,1,base.state_es_te,base.es
res_bank_es_3081,Caja R.Castilla,"Caja Rural De Castilla-La Mancha, Sociedad Cooperativa De Credito",3081,BCOEESMM081,"Cl. Mejico, 2",,www.cajaruralcastillalamancha.es,F45003993,Toledo,45004,925269600,1,base.state_es_to,base.es
res_bank_es_3084,Ipar Kutxa,"Ipar Kutxa Rural, S. Coop. De Credito",3084,CVRVES2BXXX,"Cl. Arenal, 4",,www.iparkutxa.es,F48046742,Bilbao,48005,944065200,1,base.state_es_bi,base.es
res_bank_es_3089,C.R.Baena,Caja Rural De Baena Ntra. Sra. De Guadalupe Sociedad Cooperativa De Credito Andaluza,3089,BCOEESMM089,"Cl. Rafael Onieva Ariza, 32",,www.ruralvia.com/baena/,F14016166,Baena,14850,957670772,1,base.state_es_co,base.es
res_bank_es_3095,C.R. S.Roque,Caja Rural San Roque De Almenara S.Coop. De Credito V.,3095,CCRIES2A095,"Cl. Doctor Berenguer, 4",,www.ruralvia.com/almenara,F12013306,Almenara,12590,962610054,1,base.state_es_cs,base.es
res_bank_es_3096,C.R. L'Alcudia,"Caixa Rural De L'Alcudia, Sociedad Cooperativa Valenciana De Credito",3096,BCOEESMM096,"Av. Verge De L'Oreto, 2",,,F46043790,L'Alcudia,46250,962540166,1,base.state_es_v,base.es
res_bank_es_3104,C.R.Cañete,Caja Rural De Cañete De Las Torres Ntra.Sra.Del Campo Sociedad Cooperativa Andaluza De Credito,3104,BCOEESMM104,"Cl. Molino, 2",,,F14011407,Cañete De Las Torres,14660,957183031,1,base.state_es_co,base.es
res_bank_es_3105,Caixacallosa,"Caixa Rural De Callosa D'En Sarria, Cooperativa De Credito Valenciana",3105,CCRIES2A105,"Av. Jaime I, 1",,www.ruralvia.com/callosa,F03042595,Callosa D'En Sarria,3510,965880058,1,base.state_es_a,base.es
res_bank_es_3113,San Jose Alcora,Caja Rural San Jose De Alcora S. Coop. De Credito V.,3113,BCOEESMM113,"Cl. San Francisco, 14",,www.ruralvia.com/alcora,F12013272,Alcora,12110,964360976,1,base.state_es_cs,base.es
res_bank_es_3114,C.R. Castellon,"Caja Rural Castellon - S. Isidro, S. Coop. De Credito V.",3114,,"Cl. Gasset, 1",,www.crcs.es,F12013355,Castellon De La Plana,12001,964723200,1,base.state_es_cs,base.es
res_bank_es_3115,Cr N. Madre Sol,"Caja Rural 'Nuestra Madre Del Sol', S. Coop. Andaluza De Credito",3115,BCOEESMM115,"Cl. Alto Guadalquivir, 4",,,F14011399,Adamuz,14430,957166028,1,base.state_es_co,base.es
res_bank_es_3117,C.R.D'Algemesi,"Caixa Rural D'Algemesi, S. Coop. V. De Credit",3117,BCOEESMM117,"Cl. San Jose De Calasanz, 6",,www.cajarural.com/rurales/3117,F46043782,Algemesi,46680,962488030,1,base.state_es_v,base.es
res_bank_es_3119,C.R. S. Jaime,Caja Rural San Jaime De Alquerias Niño Perdido S. Coop. De Credito V.,3119,CCRIES2A119,"Cl. Jaime Chicharro, 24",,,F12013298,Alquerias Niño Perdido,12539,964591717,1,base.state_es_cs,base.es
res_bank_es_8612,"Creusa, Efc","Comerciantes Reunidos Del Sur, S.A., Establecimiento Financiero De Credito",8612,,"Pz. Tendillas, 1",Pl. 1,,A14018014,Cordoba,14002,957479784,1,base.state_es_co,base.es
res_bank_es_8620,Pastor Serfin,"Pastor Servicios Financieros, Establecimiento Financiero De Credito, S.A.",8620,,"Cl. Canton Pequeño, 1",,www.pastorserfin.com,A28197036,A Coruña,15003,981779280,1,base.state_es_c,base.es
res_bank_es_8640,Fga Capital Spa,"Fga Capital Spain, Establecimiento Financiero De Credito, S.A.",8640,,"Cr. M-300, 0",,,A28655348,Alcala De Henares,28802,918853446,1,base.state_es_m,base.es
res_bank_es_8769,Asturiana,"Union Financiera Asturiana, S.A., Establecimiento Financiero De Credito",8769,,"Cl. Arquitecto Reguera, 3",Entresuelo A,,A33053984,Oviedo,33004,985277427,1,base.state_es_o,base.es
res_bank_es_8776,Finconsum,"Finconsum, Establecimiento Financiero De Credito, S.A.",8776,,". Gran Via Carlos Iii, 87",,www.credistar.com,A08980153,Barcelona,8028,934048610,1,base.state_es_b,base.es
res_bank_es_8788,Financiacaixa 2,"Financiacaixa 2, Establecimiento Financiero De Credito, S.A.",8788,,"Av. Diagonal, 0",Pl. 12,,A58513318,Barcelona,8028,934197409,1,base.state_es_b,base.es
res_bank_es_8804,Cofiber,"Cofiber Financiera, Establecimiento Financiero De Credito, Sociedad Anonima",8804,,"Cl. Antonio Maura, 4",,,A79352274,Madrid,28014,915320600,1,base.state_es_m,base.es
res_bank_es_8805,El Corte Ingles,"Financiera El Corte Ingles E.F.C., S.A.",8805,,"Cl. Hermosilla, 112",,www.elcorteingles.es,A81322448,Madrid,28009,914018500,1,base.state_es_m,base.es
res_bank_es_8806,Vfs Financial,"Vfs Financial Services Spain, E.F.C., S.A.",8806,,"Cl. Procion, 0",Urb. La Florida,,A81501157,Madrid,28023,913727800,1,base.state_es_m,base.es
res_bank_es_8811,Gsh On-Line,"Grupo De Servicios Hipotecarios On-Line, E.F.C., S.A.",8811,,"Cl. Portuetxe, 10",,,A20728986,San Sebastian,20009,943411071,1,base.state_es_ss,base.es
res_bank_es_8813,Scania,"Scania Finance Hispania Establecimiento Financiero De Credito, S.A.",8813,,"Av. De Castilla, 29",,,A82853987,San Fernando De Henares,28830,916781865,1,base.state_es_m,base.es
res_bank_es_8814,Accordfin,"Accordfin España, Establecimiento Financiero De Credito, S.A.",8814,,"Cl. Via De Los Poblados, 1","Pl. 2, Edificio A/B",,A83113324,Madrid,28033,914845823,1,base.state_es_m,base.es
res_bank_es_8815,Finandia Efc,"Finandia E.F.C., S.A.",8815,,"Cl. Jacinto Benavente, 0",Edificio Tripark,,A83105494,Las Rozas,28232,913985400,1,base.state_es_m,base.es
res_bank_es_8816,Iberia Cards,"Sociedad Conjunta Para La Emision Y Gestion De Medios De Pago, E.F.C., S.A.",8816,,"Cl. Jose Ortega Y Gasset, 22",,www.iberiacards.com,A83289819,Madrid,28006,917816600,1,base.state_es_m,base.es
res_bank_es_8818,Citifin Efc,"Citifin, S.A., E.F.C.",8818,,"Av. De Europa, 19",Pq. Emp. La Moraleja,,A83448852,Alcobendas,28108,915270040,1,base.state_es_m,base.es
res_bank_es_8820,Ing Real Estate,"Ing Real Estate Finance S.E., E.F.C., S.A.",8820,,"Cl. Genova, 27",,,A83694182,Madrid,28004,917898450,1,base.state_es_m,base.es
res_bank_es_8821,Bansa Fincom,"Bansabadell Fincom, E.F.C., S.A.",8821,,"Cl. Sena (Ed. Landscape), 12",Piae Can Sant Joan,,A63574719,Sant Cugat Del Valles,8190,935916300,1,base.state_es_b,base.es
res_bank_es_8824,Camge,"Camge Financiera, E.F.C., S.A.",8824,,"Rb. Mendez Nuñez, 15",Pl. 3,,A53965695,Alicante,3002,965987250,1,base.state_es_a,base.es
res_bank_es_8830,Bbkge,"Bbkge Kredit E.F.C., S.A.",8830,,"Pz. Euskadi, 5, Pl. 27, Local 1, 0",Torre Iberdrola,,A95484994,Bilbao,48009,944050121,1,base.state_es_bi,base.es
res_bank_es_0011,Allfunds Bank,"Allfunds Bank, S.A.",0011,ALLFESMMXXX,"Cl. Estafeta, 6",La Moraleja,www.allfundsbank.com,A41001371,Alcobendas,28109,912746400,1,base.state_es_m,base.es
res_bank_es_0019,Db-S.A.E.,"Deutsche Bank, Sociedad Anonima Española",0019,DEUTESBBXXX,"Ps. De La Castellana, 18",,www.deutsche-bank.es,A08000614,Madrid,28046,913355600,1,base.state_es_m,base.es
res_bank_es_0042,Guipuzcoano,"Banco Guipuzcoano, S.A.",0042,,"Av. Libertad, 21",,www.bancogui.es,A20000733,San Sebastian,20004,943418100,1,base.state_es_ss,base.es
res_bank_es_0046,Banco Gallego,"Banco Gallego, S.A.",0046,GALEES2GXXX,"Cl. Horreo, 38",,www.bancogallego.es,A80042112,Santiago De Compostela,15702,981581000,1,base.state_es_c,base.es
res_bank_es_0049,Santander,"Banco Santander, S.A.",0049,BSCHESMMXXX,"Ps. De Pereda, 0",,www.bancosantander.es,A39000013,Santander,39004,942206100,1,base.state_es_s,base.es
res_bank_es_0065,Barclays Bank,"Barclays Bank, S.A.",0065,BARCESMMXXX,"Pz. De Colon, 1",,www.barclays.es,A47001946,Madrid,28046,913361000,1,base.state_es_m,base.es
res_bank_es_0072,Banco Pastor,"Banco Pastor, S.A.",0072,PSTRESMMXXX,"Cl. Canton Pequeño, 1",,www.bancopastor.es,A15000128,A Coruña,15003,981227800,1,base.state_es_c,base.es
res_bank_es_0075,Popular Español,"Banco Popular Español, S.A.",0075,POPUESMMXXX,"Cl. Velazquez, 34",,www.bancopopular.es,A28000727,Madrid,28001,915207000,1,base.state_es_m,base.es
res_bank_es_0078,Banca Pueyo,"Banca Pueyo, S.A.",0078,BAPUES22XXX,"Cl. Santa Maria De Guadalupe, 2",,www.bancapueyo.es,A06001671,Villanueva De La Serena,6700,924846000,1,base.state_es_ba,base.es
res_bank_es_0081,Banco Sabadell,"Banco De Sabadell, S.A.",0081,BSABESBBXXX,"Pz. De Sant Roc, 20",,www.bancsabadell.com,A08000143,Sabadell,8201,937289289,1,base.state_es_b,base.es
res_bank_es_0083,Renta 4,"Renta 4 Banco, S.A.",0083,RENBESMMXXX,"Ps. De La Habana, 74",,,A82473018,Madrid,28036,913848500,1,base.state_es_m,base.es
res_bank_es_0086,Banif,"Banco Banif, S.A.",0086,NORTESMMXXX,"Ps. De La Castellana, 53",,www.banif.es,A33003088,Madrid,28046,915208500,1,base.state_es_m,base.es
res_bank_es_0091,Banco Albacete,"Banco De Albacete, S.A.",0091,,"Av. De Cantabria, 0",Ciudad Grp.Santander,,A02000974,Boadilla Del Monte,28660,913422881,1,base.state_es_m,base.es
res_bank_es_0093,Banco Valencia,"Banco De Valencia, S.A.",0093,VALEESVVXXX,"Cl. Pintor Sorolla, 0",,www.bancodevalencia.es,A46002036,Valencia,46002,963984503,1,base.state_es_v,base.es
res_bank_es_0094,Rbc Dexia,"Rbc Dexia Investor Services España, S.A.",0094,BVALESMMXXX,"Cl. Fernando El Santo, 20",,www.rbcdexia-is.es,A43000033,Madrid,28010,913609900,1,base.state_es_m,base.es
res_bank_es_0099,Bankia B.P.,"Bankia Banca Privada, S.A.",0099,AHCRESVVXXX,"Cl. Maria De Molina, 39",,www.bankiabancaprivada.es,A33001215,Madrid,28006,913915380,1,base.state_es_m,base.es
res_bank_es_0128,Bankinter,"Bankinter, S.A.",0128,BKBKESMMXXX,"Ps. De La Castellana, 29",,www.ebankinter.com,A28157360,Madrid,28046,913397500,1,base.state_es_m,base.es
res_bank_es_0132,Promocion Neg.,"Banco De Promocion De Negocios, S.A. (Promobanc)",0132,PRNEESM1XXX,"Ps. De La Castellana, 81",,,A46062956,Madrid,28046,944875429,1,base.state_es_m,base.es
res_bank_es_0182,Bbva,"Banco Bilbao Vizcaya Argentaria, S.A.",0182,BBVAESMMXXX,"Pz. De San Nicolas, 4",,www.bbva.com,A48265169,Bilbao,48005,944876000,1,base.state_es_bi,base.es
res_bank_es_0184,Europ. Finanzas,"Banco Europeo De Finanzas, S.A.",0184,BEDFESM1XXX,"Cl. Severo Ochoa, 5",Pq Tec.De Andalucia,www.bef.es,A78963816,Campanillas,29590,952367955,1,base.state_es_ma,base.es
res_bank_es_0185,Banco Urquijo,"Banco Urquijo Sabadell Banca Privada, S.A.",0185,,"Cl. Serrano, 71",,www.sabadellbancaprivada.com,A58597311,Madrid,28006,913372000,1,base.state_es_m,base.es
res_bank_es_0186,Bancomediolanum,"Banco De Finanzas E Inversiones, S.A.",0186,BFIVESBBXXX,"Av. Diagonal, 0",,www.fibancmediolanum.es,A58640582,Barcelona,8034,932535400,1,base.state_es_b,base.es
res_bank_es_0227,Uno-E,"Unoe Bank, S.A.",0227,UNOEESM1XXX,"Cl. Julian Camarillo, 4",,www.uno-e.com,A08024796,Madrid,28037,914536100,1,base.state_es_m,base.es
res_bank_es_0229,Bancopopular-E,"Bancopopular-E, S.A.",0229,POPLESMMXXX,"Cl. Velazquez, 34",,www.bancopopular-e.com,A81831067,Madrid,28001,915208014,1,base.state_es_m,base.es
res_bank_es_0231,Dexiasabadell,"Dexia Sabadell, S.A.",0231,DSBLESMMXXX,"Cl. Mahonia, 2",,www.dexiasabadell.es,A82892993,Madrid,28043,917213310,1,base.state_es_m,base.es
res_bank_es_0232,Inversis,"Banco Inversis, S.A.",0232,INVLESMMXXX,"Av. De La Hispanidad, 6",,www.inversis.com,A83131433,Madrid,28042,914001400,1,base.state_es_m,base.es
res_bank_es_0233,Popularbanca,"Popular Banca Privada, S.A.",0233,POPIESMMXXX,"Cl. Juan Ignacio Luca De Tena, 11",,www.popularbancaprivada.es,A83114082,Madrid,28027,914189300,1,base.state_es_m,base.es
res_bank_es_0234,Banco Caminos,"Banco Caminos, S.A.",0234,CCOCESMMXXX,"Cl. Almagro, 8",,www.bancocaminos.es,A28520666,Madrid,28010,913193448,1,base.state_es_m,base.es
res_bank_es_0235,Banco Pichincha,"Banco Pichincha España, S.A.",0235,PIESESM1XXX,"Cl. Lagasca, 4",Pl. 5,www.bancopichincha.es,A85882330,Madrid,28001,917818958,1,base.state_es_m,base.es
res_bank_es_0236,Lloyds Bank Int,"Lloyds Bank International, S.A.",0236,LOYIESMMXXX,"Cl. Serrano, 90",Pl. 5,,A80481765,Madrid,28006,915209893,1,base.state_es_m,base.es
res_bank_es_0237,Bbkbank Cajasur,"Bbk Bank Cajasur, S.A.",0237,CSURES2CXXX,"Cl. Gran Via, 23",,,A95622841,Bilbao,48001,944017000,1,base.state_es_bi,base.es
res_bank_es_0487,B.Mare Nostrum,"Banco Mare Nostrum, S.A.",0487,GBMNESMMXXX,"Ps. Recoletos, 17",,,A86104189,Madrid,28004,917015903,1,base.state_es_m,base.es
res_bank_es_0488,Banco F. Y Aho.,"Banco Financiero Y De Ahorros, S.A.",0488,BFASESMMXXX,"Ps. De La Castellana, 189",,,A86085685,Madrid,28046,964356400,1,base.state_es_m,base.es
res_bank_es_0490,"Banca Civica,Sa","Banca Civica, S.A.",0490,,"Pz. San Francisco, 1",,,A85973857,Sevilla,41004,913199409,1,base.state_es_se,base.es
res_bank_es_1490,Self Trade Bank,"Self Trade Bank, S.A.",1490,SELFESMMXXX,"Cl. Aragoneses, 0",,www.selftrade.es,A85597821,Alcobendas,28108,917894000,1,base.state_es_m,base.es
res_bank_es_2013,"Catalunya Banc,","Catalunya Banc, S.A.",2013,CESCESBBXXX,"Pz. Antoni Maura, 6",,www.catalunyacaixa.com,A65587198,Barcelona,8003,934845000,1,base.state_es_b,base.es
res_bank_es_2038,"Bankia, S.A","Bankia, S.A",2038,CAHMESMMXXX,"Cl. Pintor Sorolla, 8",,www.bankia.com,A14010342,Valencia,46002,913915380,1,base.state_es_v,base.es
res_bank_es_2048,Liberbank,"Liberbank, S.A.",2048,CECAESMM048,"Cl. Carrera De San Jeronimo, 19",,,A86201993,Madrid,28014,914225800,1,base.state_es_m,base.es
res_bank_es_2080,"Ncg Banco, S.A.","Ncg Banco, S.A.",2080,CAGLESMMXXX,"Cl. Rua Nueva, 0",,,A70302039,A Coruña,15003,981187000,1,base.state_es_c,base.es
res_bank_es_2085,Ibercaja Banco,"Ibercaja Banco, S.A.",2085,CAZRES2ZXXX,"Pz. Basilio Paraiso, 2",,www.ibercaja.es,A99319030,Zaragoza,50008,976767676,1,base.state_es_z,base.es
res_bank_es_2086,Banc.G.Cajatres,"Banco Grupo Cajatres, S.A.",2086,CECAESMM086,"Ps. Isabel La Catolica, 6",,,A99298689,Zaragoza,50009,976718500,1,base.state_es_z,base.es
res_bank_es_2090,"Banco Cam, S.A.","Banco Cam, S.A.",2090,,"Cl. Oscar Espla, 37",,www.cam.es,A86101375,Alicante,3007,965905000,1,base.state_es_a,base.es
res_bank_es_2095,"Kutxabank, S.A","Kutxabank, S.A",2095,BASKES2BXXX,"Cl. Gran Via, 0",,,A95653077,Bilbao,48009,944017526,1,base.state_es_bi,base.es
res_bank_es_2100,"Caixabank, S.A.","Caixabank, S.A.",2100,CAIXESBBXXX,"Av. Diagonal, 621",,www.caixabank.es,A08663619,Barcelona,8028,934046000,1,base.state_es_b,base.es
res_bank_es_2103,Unicaja Banco,"Unicaja Banco, S.A.",2103,UCJAES2MXXX,"Av. Andalucia, 0",,www.unicaja.es,A93139053,Malaga,29007,952138000,1,base.state_es_ma,base.es
res_bank_es_2107,"Unnim Banc, S.A","Unnim Banc, S.A",2107,BBVAESMM107,"Pz. Cataluña, 9",Pl. 6-7,www.unnim.es,A65609653,Barcelona,8002,937397700,1,base.state_es_b,base.es
res_bank_es_2108,Banco Ceiss,"Banco De Caja España De Inversiones, Salamanca Y Soria, S.A.",2108,CSPAES2L108,"Cl. Marques De Villamagna, 0",,,A86289642,Madrid,28001,915139000,1,base.state_es_m,base.es
res_bank_es_2000,Ceca,Confederacion Española De Cajas De Ahorros,2000,CECAESMMXXX,"Cl. Alcala, 27",,www.ceca.es,G28206936,Madrid,28014,915965000,1,base.state_es_m,base.es
res_bank_es_2045,Caja Ontinyent,Caja De Ahorros Y Monte De Piedad De Ontinyent,2045,CECAESMM045,"Pz. Santo Domingo, 24",,www.caixaontinyent.es,G46002796,Ontinyent,46870,962919100,1,base.state_es_v,base.es
res_bank_es_2056,Colonya,Colonya - Caixa D'Estalvis De Pollensa,2056,CECAESMM056,"Pz. Mayor, 7",,www.colonya.es,G07000045,Pollensa,7460,971530162,1,base.state_es_pm,base.es
res_bank_es_2401,La Caixa,Caja De Ahorros Y Pensiones De Barcelona,2401,,"Av. Diagonal, 0",,www.lacaixa.es,G58899998,Barcelona,8028,934046000,1,base.state_es_b,base.es
res_bank_es_2402,Caja Madrid,Caja De Ahorros Y Monte De Piedad De Madrid,2402,,"Pz. Celenque, 2",,www.cajamadrid.es,G28029007,Madrid,28013,902246810,1,base.state_es_m,base.es
res_bank_es_2403,Bancaja,"Caja De Ahorros De Valencia, Castellon Y Alicante, Bancaja",2403,,"Cl. Caballeros, 2",,www.bancaja.es,G46002804,Castellon De La Plana,12001,964356400,1,base.state_es_cs,base.es
res_bank_es_2404,Caja I.Canarias,Caja Insular De Ahorros De Canarias,2404,,"Cl. Triana, 20",,www.lacajadecanarias.es,G35000272,Las Palmas,35002,928442244,1,base.state_es_gc,base.es
res_bank_es_2405,Caixa Laietana,Caixa D'Estalvis Laietana,2405,,"Av. Lluis Companys, 0",,www.caixalaietana.es,G08169823,Mataro,8302,937417550,1,base.state_es_b,base.es
res_bank_es_2406,Cajarioja,Caja De Ahorros De La Rioja,2406,,"Cl. Miguel Villanueva, 9",,www.cajarioja.es,G26003038,Logroño,26001,941293131,1,base.state_es_lo,base.es
res_bank_es_2407,Caja De Avila,Caja De Ahorros Y Monte De Piedad De Avila,2407,,"Pz. Santa Teresa, 10",,www.cajadeavila.es,G05011846,Avila,5001,920355300,1,base.state_es_av,base.es
res_bank_es_2408,Caja De Segovia,Caja De Ahorros Y Monte De Piedad De Segovia,2408,,"Av. Fernandez Ladreda, 8",,www.cajasegovia.es,G40000192,Segovia,40001,921415160,1,base.state_es_sg,base.es
res_bank_es_2409,Cam,Caja De Ahorros Del Mediterraneo,2409,,"Cl. San Fernando, 40",,www.cam.es,G03046562,Alicante,3001,965905000,1,base.state_es_a,base.es
res_bank_es_2410,Caja Navarra,Caja De Ahorros Y Monte De Piedad De Navarra,2410,,"Av. Carlos Iii, 8",,www.cajanavarra.es,G31001993,Pamplona,31002,948222333,1,base.state_es_na,base.es
res_bank_es_2411,Cajasol,"Monte De Piedad Y Caja De Ahorros San Fernando De Guadalajara, Huelva, Jerez Y Sevilla",2411,,"Pz. San Francisco, 1",,www.cajasol.es,G91658039,Sevilla,41004,954597100,1,base.state_es_se,base.es
res_bank_es_2412,Caja Canarias,Caja General De Ahorros De Canarias,2412,,"Pz. Patriotismo, 0",,www.cajacanarias.es,G38001749,Santa Cruz De Tenerife,38002,922471000,1,base.state_es_tf,base.es
res_bank_es_2413,Caja De Burgos,Caja De Ahorros Municipal De Burgos,2413,,"Pz. De La Libertad, P.Condestables, 0",Casa Cordon,www.cajadeburgos.es,G09000787,Burgos,9004,947258100,1,base.state_es_bu,base.es
res_bank_es_2414,Cajastur,Caja De Ahorros De Asturias,2414,,"Pz. Escandalera, 2",,www.cajastur.es,G33001884,Oviedo,33003,985102222,1,base.state_es_o,base.es
res_bank_es_2415,Cajaextremadura,Caja De Ahorros Y Monte De Piedad De Extremadura,2415,,"Pz. Santa Maria, 8",,www.cajaextremadura.es,G10058618,Caceres,10003,927255100,1,base.state_es_cc,base.es
res_bank_es_2416,Caja Cantabria,Caja De Ahorros De Santander Y Cantabria,2416,,"Pz. Velarde, 3",,www.cajacantabria.com,G39003785,Santander,39001,942221500,1,base.state_es_s,base.es
res_bank_es_2417,Novacaixagalici,"Caixa De Aforros De Galicia, Vigo, Ourense E Pontevedra",2417,,"Cl. Rua Nueva, 0",,,G70270293,A Coruña,15003,981187000,1,base.state_es_c,base.es
res_bank_es_2418,Catalunyacaixa,Caixa D'Estalvis De Catalunya Tarragona I Manresa,2418,,"Pz. Antonio Maura, 6",,www.catalunyacaixa.com,G65345472,Barcelona,8003,934845000,1,base.state_es_b,base.es
res_bank_es_2422,Caja De Murcia,Caja De Ahorros De Murcia,2422,,"Cl. Gran Via Escultor Salzillo, 23",,www.cajamurcia.es,G30010185,Murcia,30005,968361600,1,base.state_es_mu,base.es
res_bank_es_2423,Caixa Penedes,Caixa D'Estalvis Del Penedes,2423,,"Cl. Font De L'Ametllo, 11",,www.caixapenedes.es,G08169807,Vilafranca Del Penedes,8720,938916500,1,base.state_es_b,base.es
res_bank_es_2424,Sa Nostra,Caja De Ahorros Y Monte De Piedad De Las Baleares,2424,,"Cl. Ter, 16",,www.sanostra.net,G07013154,Palma,7009,971171717,1,base.state_es_pm,base.es
res_bank_es_2425,Caja España,"Caja España De Inversiones, Salamanca Y Soria, Caja De Ahorros Y Monte De Piedad",2425,,"Pz. San Marcelo, 5",Ed.Botines De Gaudi,,G24611485,Leon,24002,987292500,1,base.state_es_le,base.es
res_bank_es_2427,Cai,Caja De Ahorros De La Inmaculada De Aragon,2427,,"Av. Independencia, 10",,www.cai.es,G50000819,Zaragoza,50004,976718100,1,base.state_es_z,base.es
res_bank_es_2428,Caja Circulo,Caja De Ahorros Y Monte De Piedad Del Circulo Catolico De Obreros De Burgos,2428,,"Av. Reyes Catolicos, 1",,www.cajacirculo.com,G09000779,Burgos,9005,947288200,1,base.state_es_bu,base.es
res_bank_es_2429,Caja De Badajoz,Monte De Piedad Y Caja General De Ahorros De Badajoz,2429,,"Ps. San Francisco, 18",,www.cajabadajoz.es,G06000681,Badajoz,6001,924214000,1,base.state_es_ba,base.es
res_bank_es_2430,Bbk,"Bilbao Bizkaia Kutxa, Aurrezki Kutxa Eta Bahitetxea",2430,,". Gran Via D.Diego Lopez De Haro, 30",,www.bbk.es,G48412720,Bilbao,48009,944017000,1,base.state_es_bi,base.es
res_bank_es_2431,Kutxa,Caja De Ahorros Y Monte De Piedad De Gipuzkoa Y San Sebastian,2431,,"Cl. Garibay, 15",,www.kutxa.es,G20336251,San Sebastian,20004,943411000,1,base.state_es_ss,base.es
res_bank_es_2432,Caja Vital,Caja De Ahorros De Vitoria Y Alava Araba Eta Gasteizko Aurrezki Kutxa,2432,,"Ps. Biosfera, 6",,www.cajavital.es,G01104256,Vitoria,1013,945162000,1,base.state_es_vi,base.es
res_bank_es_3001,Cr Almendralejo,"Caja Rural De Almendralejo, Sociedad Cooperativa De Credito",3001,BCOEESMM001,"Pz. De San Antonio, 0",,www.cajalmendralejo.com,F06004816,Almendralejo,6200,924670371,1,base.state_es_ba,base.es
res_bank_es_3009,C.R.Extremadura,"Caja Rural De Extremadura, Sociedad Cooperativa De Credito",3009,BCOEESMM009,"Av. Santa Marina, 15",,www.crextremadura.com,F06002661,Badajoz,6005,924207474,1,base.state_es_ba,base.es
res_bank_es_3016,C.R. Salamanca,"Caja Rural De Salamanca, Sociedad Cooperativa De Credito",3016,BCOEESMM016,". Puerta De Zamora, 2",,www.cajarural.com/salamanca,F37015856,Salamanca,37005,923128600,1,base.state_es_sa,base.es
res_bank_es_3020,C.R. De Utrera,"Caja Rural De Utrera, Sociedad Cooperativa Andaluza De Credito",3020,BCOEESMM020,"Pz. Altozano, 22",,www.cajarural.com/utrera,F41016544,Utrera,41710,954862233,1,base.state_es_se,base.es
res_bank_es_3023,C.R.De Granada,"Caja Rural De Granada, Sociedad Cooperativa De Credito",3023,BCOEESMM023,"Av. Don Bosco, 2",,e-ruralgranada.com,F18009274,Granada,18006,958242400,1,base.state_es_gr,base.es
res_bank_es_3029,Caixapetrer,"Caja De Credito De Petrel, Caja Rural, Cooperativa De Credito Valenciana",3029,CCRIES2A029,"Cl. San Bartolome, 2",,www.cajarural.com/rurales/3029,F03014982,Petrer,3610,966952780,1,base.state_es_a,base.es
res_bank_es_3035,Caja Laboral,Caja Laboral Popular Coop. De Credito,3035,CLPEES2MXXX,"Ps. Jose Maria Arizmendiarrieta, 0",,www.cajalaboral.es,F20022109,Mondragon,20500,943719500,1,base.state_es_ss,base.es
res_bank_es_3045,Caixaltea,"Caixa Rural Altea, Cooperativa De Credit Valenciana",3045,CCRIES2A045,"Pj. Labrador, 1",,www.caixaltea.es,F03027901,Altea,3590,965841350,1,base.state_es_a,base.es
res_bank_es_3060,C.R. De Burgos,"Caja Rural De Burgos, Sociedad Cooperativa De Credito",3060,BCOEESMM060,"Pz. España, 0",,www.cajarural.com/burgos,F09006495,Burgos,9005,947200676,1,base.state_es_bu,base.es
res_bank_es_3070,C.R. Galega,"Caixa Rural Galega, Sociedad Cooperativa De Credito Limitada Gallega",3070,BCOEESMM070,"Av. Montero Rios, 0",,www.ruralvia.com/lugo,F27005164,Lugo,27002,982280220,1,base.state_es_lu,base.es
res_bank_es_3076,Cajasiete,"Cajasiete, Caja Rural, Sociedad Cooperativa De Credito",3076,BCOEESMM076,"Av. Manuel Hermoso Rojas, 8",,www.cajasiete.com,F38005245,Sta. Cruz De Tenerife,38003,922608400,1,base.state_es_tf,base.es
res_bank_es_3078,C.R. De Segovia,"Caja Rural De Segovia, Cooperativa De Credito",3078,,"Cl. Los Coches, 4",,www.cajarural.com/segovia,F40051864,Segovia,40002,921425511,1,base.state_es_sg,base.es
res_bank_es_3085,C.R. De Zamora,"Caja Rural De Zamora, Cooperativa De Credito",3085,BCOEESMM085,"Av. Alfonso Ix, 7",,www.cajarural.com/zamora,F49002454,Zamora,49013,980532671,1,base.state_es_za,base.es
res_bank_es_3118,C.R.Torrent,Caixa Rural Torrent Cooperativa De Credit Valenciana,3118,CCRIES2A118,"Av. Al Vedat, 3",,www.ruraltorrent.com,F46047809,Torrent,46900,961550054,1,base.state_es_v,base.es
res_bank_es_3098,N.S.Del Rosario,"Caja Rural Ntra. Sra. Del Rosario, Sociedad Cooperativa Andaluza De Credito",3098,BCOEESMM098,"Av. Andalucia, 6",,www.ruralvia.com/carteya/,F14011415,Nueva Carteya,14857,957678228,1,base.state_es_co,base.es
res_bank_es_3102,C. Sant Vicent,"Caixa Rural Sant Vicent Ferrer De La Vall D'Uixo, Coop. De Credit V.",3102,BCOEESMM102,"Pz. Centro, 4",,www.ruralvia.com/santvicent,F12014221,Vall De Uxo,12600,964663012,1,base.state_es_cs,base.es
res_bank_es_3110,C.R.Villarreal,"Caja Rural Catolico Agraria, S. Coop. De Credito V.",3110,BCOEESMM110,"Pz. Mayor, 10",,www.cajaruralvillarreal.com,F12013223,Villarreal De Los Infantes,12540,964520200,1,base.state_es_cs,base.es
res_bank_es_3111,C.R. La Vall,"Caixa Rural La Vall 'San Isidro', Sociedad Cooperativa De Credito Valenciana",3111,BCOEESMM111,"Av. Corazon De Jesus, 3",,www.caixarurallavall.com,F12013207,Vall De Uxo,12600,964697989,1,base.state_es_cs,base.es
res_bank_es_3112,C.R. San Jose,"Caja Rural San Jose De Burriana, S. Coop. De Credito V.",3112,CCRIES2A112,"Pz. El Pla, 1",,www.cajarural.com/burriana,F12013256,Burriana,12530,964510927,1,base.state_es_cs,base.es
res_bank_es_3116,C.R.Mota Cuervo,"Caja Rural Comarcal De Mota Del Cuervo, Sdad. Coop. Ltda. Cto. Agrario",3116,BCOEESMM116,"Pz. Mayor, 9",,,F16005324,Mota Del Cuervo,16630,967180471,1,base.state_es_cu,base.es
res_bank_es_3127,C.R.Casasibañez,"Caja Rural De Casas Ibañez, S. Coop. De Credito De Castilla-La Mancha",3127,BCOEESMM127,"Cl. Tercia, 49",,www.ruralvia.com/casasibanez,F02004182,Casas Ibañez,2200,967460312,1,base.state_es_ab,base.es
res_bank_es_3130,Caixa Almassora,"Caja Rural San Jose De Almassora, S. Coop. De Credito V.",3130,BCOEESMM130,"Cl. Trinidad, 20",,www.tucajarural.com,F12013280,Almassora,12550,964560003,1,base.state_es_cs,base.es
res_bank_es_3134,C.R. Esperanza,"Caja Rural Nuestra Señora De La Esperanza De Onda, S. Coop. De Credito V.",3134,BCOEESMM134,"Pz. El Pla, 19",,www.ruralvia.com/onda,F12013157,Onda,12200,964776677,1,base.state_es_cs,base.es
res_bank_es_3150,C.R. De Albal,"Caja Rural De Albal, Cooperativa Credito Valenciana",3150,BCOEESMM150,"Pz. Del Jardi, 24",,,F46043824,Albal,46470,961260075,1,base.state_es_v,base.es
res_bank_es_3152,C.R. De Villar,"Caja Rural De Villar, Coop. De Credito V.",3152,CCRIES2A152,"Cl. Las Cruces, 33",,www.cajarural.com/villar,F46043816,Villar Del Arzobispo,46170,961646034,1,base.state_es_v,base.es
res_bank_es_3154,C.R. La Carlota,"Caja Rural De La Carlota, Sdad. Coop. Andaluza Cto. Ltda. (En Liquidacion)",3154,,"Cl. Carlos Iii, 31",,,F14013833,La Carlota,14100,957300088,1,base.state_es_co,base.es
res_bank_es_3159,Caixa Popular,"Caixa Popular-Caixa Rural, S. Coop. De Credito V.",3159,BCOEESMM159,"Av. Juan De La Cierva, 9",,,F46090650,Paterna,46980,961318282,1,base.state_es_v,base.es
res_bank_es_3160,C.R. Vilavella,"Caixa Rural Sant Josep De Vilavella, S. Coop. De Credito V.",3160,CCRIES2A160,"Cl. Cueva Santa, 11",,www.ruralvia.com/vilavella,F12013231,Villavieja,12526,964678000,1,base.state_es_cs,base.es
res_bank_es_3162,C.R. Benicarlo,"Caixa Rural Benicarlo, S. Coop. De Credit V.",3162,BCOEESMM162,"Av. Joan Carles I, 18",,www.cajarural.com/benicarlo,F12013348,Benicarlo,12580,964474062,1,base.state_es_cs,base.es
res_bank_es_3165,C.R. Vilafames,Caja Rural San Isidro De Vilafames S. Coop. De Credito V.,3165,CCRIES2A165,"Av. Barcelo, 6",,www.ruralvia.com/vilafames,F12013215,Vilafames,12192,964329027,1,base.state_es_cs,base.es
res_bank_es_3166,Cr Coves Vinrom,"Caixa Rural Les Coves De Vinroma, S. Coop. De Credit V.",3166,BCOEESMM166,"Cl. San Antonio, 27",,,F12013363,Les Coves De Vinroma,12185,964426050,1,base.state_es_cs,base.es
res_bank_es_3177,Cr.Canarias,"Caja Rural De Canarias, Sociedad Cooperativa De Credito",3177,BCOEESMM177,"Cl. Nicolas Estevanez, 21",Pl. 1 - Ed. Central,www.ruralcanarias.com,F35040278,Las Palmas De Gran Canaria,35007,928277000,1,base.state_es_gc,base.es
res_bank_es_3186,Albalat,"Caixa Rural Albalat Dels Sorells, Cooperativa De Credit Valenciana",3186,CCRIES2A186,"Cl. Padre Salvador, 11",,www.caixalbalat.es,F96828728,Albalat Dels Sorells,46135,961490437,1,base.state_es_v,base.es
res_bank_es_3190,Globalcaja,"Caja Rural De Albacete, Ciudad Real Y Cuenca, Sociedad Cooperativa De Credito",3190,BCOEESMM190,"Cl. Berna, 1",,www.globalcaja.es,F45755220,Toledo,45003,925504224,1,base.state_es_to,base.es
res_bank_es_3191,Nueva Cr Aragon,"Nueva Caja Rural De Aragon, Sociedad Cooperativa De Credito",3191,BCOEESMM191,"Cl. San Voto, 0",,,F99320848,Zaragoza,50003,976763300,1,base.state_es_z,base.es
res_bank_es_4784,Transolver,"Transolver Finance, Establecimiento Financiero De Credito, S.A.",4784,,"Av. Aragon, 402",,,A78388600,Madrid,28022,913252271,1,base.state_es_m,base.es
res_bank_es_4838,Sa Nostra Efc,"Sa Nostra De Inversiones, Establecimiento Financiero De Credito, S.A.",4838,,"Cl. Ramon Llull, 2",,,A07292915,Palma,7001,971228432,1,base.state_es_pm,base.es
res_bank_es_8211,Bansabadellfin,"Bansabadell Financiacion E.F.C., S.A.",8211,,"Pz. Catalunya, 1",Pl. 4,,A58039553,Sabadell,8201,937289289,1,base.state_es_b,base.es
res_bank_es_8219,Pragahipotecas,"Praga De Hipotecas Y Creditos E.F.C., S.A.",8219,,"Cl. Recoletos, 4",,,A78390556,Madrid,28001,914319816,1,base.state_es_m,base.es
res_bank_es_8233,Celeris,"Celeris Servicios Financieros, S.A., E.F.C.",8233,CSFAESM1XXX,"Cl. Juan Esplandiu, 13",Pl. C-1,www.grupoceleris.com,A79245544,Madrid,28007,912161000,1,base.state_es_m,base.es
res_bank_es_8234,A.I.G. Finanzas,"A.I.G. Finanzas, Sociedad Anonima Establecimiento Financiero De Credito",8234,,"Ps. De La Castellana, 31",,,A79281713,Madrid,28046,913797920,1,base.state_es_m,base.es
res_bank_es_8236,Santander Consu,"Santander Consumer, Establecimiento Financiero De Credito, S.A.",8236,,"Av. De Cantabria, 0",Ciudad Gr. Santander,www.santanderconsumer.es,A79082244,Boadilla Del Monte,28660,902112211,1,base.state_es_m,base.es
res_bank_es_8307,Volkswa Finance,"Volkswagen Finance S.A., Establecimiento Financiero De Credito",8307,,"Av. De Bruselas, 34",,,A28191211,Alcobendas,28108,914535100,1,base.state_es_m,base.es
res_bank_es_8308,Financa,"Financiera Carrion, S.A., Establecimiento Financiero De Credito, E.F.C.",8308,,"Ps. Pintor Rosales, 4",,,A28216778,Madrid,28008,915419833,1,base.state_es_m,base.es
res_bank_es_8321,"Entre2, Efc","Entre2 Servicios Financieros, Establecimiento Financiero De Credito, S.A.",8321,,"Cl. Julian Camarillo, 4",,,A48055578,Madrid,28037,913743916,1,base.state_es_m,base.es
res_bank_es_8512,"U.C.I., Sa, Efc","Union De Creditos Inmobiliarios, S.A., Establecimiento Financiero De Credito",8512,UCINESMMXXX,"Cl. Retama, 3",,www.uci.com,A39025515,Madrid,28045,913373700,1,base.state_es_m,base.es
res_bank_es_8524,Montjuich,"Montjuich Ef Establecimiento Financiero De Credito, S.A.",8524,,"Cl. San Juan De La Salle, 0",Bajo - B,,A08229544,Barcelona,8022,934181699,1,base.state_es_b,base.es
res_bank_es_8596,Credifimo,"Union De Credito Para La Financiacion Mobiliaria E Inmobiliaria, Credifimo, E.F.C. S.A",8596,,"Ps. De Recoletos, 27",,www.credifimo.es,A28371292,Madrid,28004,915632893,1,base.state_es_m,base.es
